-- MySQL dump 10.13  Distrib 8.0.36, for Win64 (x86_64)
--
-- Host: localhost    Database: hoyoverse
-- ------------------------------------------------------
-- Server version	8.0.36

/*!40101 SET @OLD_CHARACTER_SET_CLIENT=@@CHARACTER_SET_CLIENT */;
/*!40101 SET @OLD_CHARACTER_SET_RESULTS=@@CHARACTER_SET_RESULTS */;
/*!40101 SET @OLD_COLLATION_CONNECTION=@@COLLATION_CONNECTION */;
/*!50503 SET NAMES utf8 */;
/*!40103 SET @OLD_TIME_ZONE=@@TIME_ZONE */;
/*!40103 SET TIME_ZONE='+00:00' */;
/*!40014 SET @OLD_UNIQUE_CHECKS=@@UNIQUE_CHECKS, UNIQUE_CHECKS=0 */;
/*!40014 SET @OLD_FOREIGN_KEY_CHECKS=@@FOREIGN_KEY_CHECKS, FOREIGN_KEY_CHECKS=0 */;
/*!40101 SET @OLD_SQL_MODE=@@SQL_MODE, SQL_MODE='NO_AUTO_VALUE_ON_ZERO' */;
/*!40111 SET @OLD_SQL_NOTES=@@SQL_NOTES, SQL_NOTES=0 */;

--
-- Table structure for table `artifact`
--

DROP TABLE IF EXISTS `artifact`;
/*!40101 SET @saved_cs_client     = @@character_set_client */;
/*!50503 SET character_set_client = utf8mb4 */;
CREATE TABLE `artifact` (
  `id_artifact` int NOT NULL AUTO_INCREMENT,
  `category` varchar(50) NOT NULL,
  PRIMARY KEY (`id_artifact`)
) ENGINE=InnoDB AUTO_INCREMENT=7 DEFAULT CHARSET=utf8mb4 COLLATE=utf8mb4_0900_ai_ci;
/*!40101 SET character_set_client = @saved_cs_client */;

--
-- Dumping data for table `artifact`
--

LOCK TABLES `artifact` WRITE;
/*!40000 ALTER TABLE `artifact` DISABLE KEYS */;
INSERT INTO `artifact` VALUES (0,'Дополнительно'),(1,'Цветок жизни'),(2,'Перо смерти'),(3,'Пески времени'),(4,'Кубок пространства'),(5,'Корона разума');
/*!40000 ALTER TABLE `artifact` ENABLE KEYS */;
UNLOCK TABLES;

--
-- Table structure for table `artifact_stats`
--

DROP TABLE IF EXISTS `artifact_stats`;
/*!40101 SET @saved_cs_client     = @@character_set_client */;
/*!50503 SET character_set_client = utf8mb4 */;
CREATE TABLE `artifact_stats` (
  `id_artifact` int NOT NULL,
  `id_stat` int NOT NULL,
  PRIMARY KEY (`id_artifact`,`id_stat`),
  KEY `fk_as_s` (`id_stat`),
  CONSTRAINT `fk_as_a` FOREIGN KEY (`id_artifact`) REFERENCES `artifact` (`id_artifact`),
  CONSTRAINT `fk_as_s` FOREIGN KEY (`id_stat`) REFERENCES `stats` (`id_stat`)
) ENGINE=InnoDB DEFAULT CHARSET=utf8mb4 COLLATE=utf8mb4_0900_ai_ci;
/*!40101 SET character_set_client = @saved_cs_client */;

--
-- Dumping data for table `artifact_stats`
--

LOCK TABLES `artifact_stats` WRITE;
/*!40000 ALTER TABLE `artifact_stats` DISABLE KEYS */;
INSERT INTO `artifact_stats` VALUES (1,1),(2,2),(3,3),(4,3),(5,3),(3,4),(4,4),(5,4),(3,5),(4,5),(5,5),(3,6),(4,6),(5,6),(3,7),(4,8),(4,9),(5,10),(5,11),(5,12);
/*!40000 ALTER TABLE `artifact_stats` ENABLE KEYS */;
UNLOCK TABLES;

--
-- Table structure for table `characters`
--

DROP TABLE IF EXISTS `characters`;
/*!40101 SET @saved_cs_client     = @@character_set_client */;
/*!50503 SET character_set_client = utf8mb4 */;
CREATE TABLE `characters` (
  `id_character` int NOT NULL AUTO_INCREMENT,
  `image_character` text NOT NULL,
  `name_character` varchar(25) NOT NULL,
  `eye_god` varchar(10) NOT NULL,
  `region` varchar(20) NOT NULL,
  `type_weapon` varchar(40) NOT NULL,
  `rariry` int NOT NULL,
  `id_signature_wepons` int NOT NULL,
  `id_signature_set_artifact` int NOT NULL,
  `count_views` int NOT NULL DEFAULT '0',
  `main_dps` varchar(2) DEFAULT NULL,
  `sub_dps` varchar(2) DEFAULT NULL,
  `support` varchar(2) DEFAULT NULL,
  PRIMARY KEY (`id_character`),
  UNIQUE KEY `id_character_UNIQUE` (`id_character`),
  UNIQUE KEY `name_character_UNIQUE` (`name_character`),
  UNIQUE KEY `image_character_UNIQUE` (`image_character`(255)),
  KEY `fk_c_w` (`id_signature_wepons`),
  CONSTRAINT `fk_c_w` FOREIGN KEY (`id_signature_wepons`) REFERENCES `weapon` (`id_weapon`)
) ENGINE=InnoDB AUTO_INCREMENT=29 DEFAULT CHARSET=utf8mb4 COLLATE=utf8mb4_0900_ai_ci;
/*!40101 SET character_set_client = @saved_cs_client */;

--
-- Dumping data for table `characters`
--

LOCK TABLES `characters` WRITE;
/*!40000 ALTER TABLE `characters` DISABLE KEYS */;
INSERT INTO `characters` VALUES (1,'Венти.png','Венти','Анемо','Мондштадт','Лук',5,102,23,3,NULL,'A','A'),(2,'Кадзуха.png','Кадзуха','Анемо','Инадзума','Меч',5,34,23,0,NULL,'S+','S+'),(3,'Странник.png','Странник','Анемо','Инадзума','Катализатор',5,139,42,0,'A',NULL,NULL),(4,'Фарузан.png','Фарузан','Анемо','Сумеру','Лук',4,102,32,1,NULL,NULL,'S'),(5,'Чун Юнь.png','Чун Юнь','Крио','Гавань Ли Юэ','Двуручный меч',4,67,21,4,NULL,'C','D'),(6,'Диона.png','Диона','Крио','Мондштадт','Лук',4,102,21,0,NULL,NULL,'A'),(7,'Гань Юй.png','Гань Юй','Крио','Гавань Ли Юэ','Лук',5,105,35,0,'A','A',NULL),(8,'Розария.png','Розария','Крио','Мондштадт','Копье',4,164,21,1,NULL,'A','C'),(9,'Тигнари.png','Тигнари','Дендро','Сумеру','Лук',5,106,40,2,'A',NULL,NULL),(10,'Нахида.png','Нахида','Дендро','Сумеру','Катализатор',5,138,40,0,NULL,'S+','S+'),(11,'Яо-Яо.png','Яо Яо','Дендро','Гавань Ли Юэ','Копье',4,154,40,0,NULL,NULL,'A'),(12,'Аль-Хайтам.png','Аль-Хайтам','Дендро','Сумеру','Меч',5,38,41,0,'S+',NULL,NULL),(13,'Фишль.png','Фишль','Электро','Мондштадт','Лук',4,104,46,0,NULL,'S',NULL),(14,'Райдэн.png','Райдэн','Электро','Инадзума','Копье',5,168,34,0,'S','S+','S'),(15,'Яэ-Мико.png','Яэ Мико','Электро','Инадзума','Катализатор',5,137,46,0,NULL,'S',NULL),(16,'Куки Синобу.png','Синобу','Электро','Инадзума','Меч',4,34,43,0,NULL,'S','A'),(17,'Нин Гуан.png','Нин Гуан','Гео','Гавань Ли Юэ','Катализатор',4,135,49,0,'C',NULL,NULL),(18,'Чжун Ли.png','Чжун Ли','Гео','Гавань Ли Юэ','Копье',5,144,32,0,NULL,'B','S+'),(19,'Альбедо.png','Альбедо','Гео','Мондштадт','Меч',5,20,36,0,NULL,'A',NULL),(20,'Горо.png','Горо','Гео','Инадзума','Лук',4,102,36,0,NULL,NULL,'A'),(21,'Син Цю.png','Син Цю','Гидро','Гавань Ли Юэ','Меч',4,12,34,0,NULL,'S+',NULL),(22,'Тарталья.png','Тарталья','Гидро','Снежная','Лук',5,104,44,0,'A',NULL,NULL),(23,'Кокоми.png','Кокоми','Гидро','Инадзума','Катализатор',5,109,32,0,'C','B','S+'),(24,'Фурина.png','Фурина','Гидро','Фонтейн','Меч',5,39,46,0,NULL,'S+','S+'),(25,'Беннет.png','Беннет','Пиро','Мондштадт','Меч',4,35,21,0,NULL,NULL,'S+'),(26,'Ху Тао.png','Ху Тао','Пиро','Гавань Ли Юэ','Копье',5,164,26,0,'S+',NULL,NULL),(27,'Ёимия.png','Ёимия','Пиро','Инадзума','Лук',5,103,35,0,'A',NULL,NULL),(28,'Лини.png','Лини','Пиро','Фонтейн','Лук',5,107,47,0,'S',NULL,NULL);
/*!40000 ALTER TABLE `characters` ENABLE KEYS */;
UNLOCK TABLES;

--
-- Table structure for table `characters_set`
--

DROP TABLE IF EXISTS `characters_set`;
/*!40101 SET @saved_cs_client     = @@character_set_client */;
/*!50503 SET character_set_client = utf8mb4 */;
CREATE TABLE `characters_set` (
  `id_character` int NOT NULL,
  `id_set` int NOT NULL,
  PRIMARY KEY (`id_character`,`id_set`),
  KEY `fk_cs_s` (`id_set`),
  CONSTRAINT `fk_cs_c` FOREIGN KEY (`id_character`) REFERENCES `characters` (`id_character`),
  CONSTRAINT `fk_cs_s` FOREIGN KEY (`id_set`) REFERENCES `set_artifact` (`id_set`)
) ENGINE=InnoDB DEFAULT CHARSET=utf8mb4 COLLATE=utf8mb4_0900_ai_ci;
/*!40101 SET character_set_client = @saved_cs_client */;

--
-- Dumping data for table `characters_set`
--

LOCK TABLES `characters_set` WRITE;
/*!40000 ALTER TABLE `characters_set` DISABLE KEYS */;
INSERT INTO `characters_set` VALUES (11,16),(13,18),(14,18),(17,18),(22,18),(7,19),(9,19),(10,19),(12,19),(1,21),(2,21),(4,21),(18,21),(20,21),(21,21),(3,23),(4,23),(14,24),(15,24),(27,26),(28,26),(17,28),(5,30),(7,30),(8,30),(21,31),(22,31),(23,31),(6,32),(11,32),(16,32),(24,32),(1,34),(2,34),(5,34),(6,34),(8,34),(20,34),(25,34),(26,35),(23,37),(28,39),(12,40),(9,41),(10,41),(13,41),(15,41),(16,41),(24,44),(18,45),(19,46),(26,47);
/*!40000 ALTER TABLE `characters_set` ENABLE KEYS */;
UNLOCK TABLES;

--
-- Table structure for table `characters_weapon`
--

DROP TABLE IF EXISTS `characters_weapon`;
/*!40101 SET @saved_cs_client     = @@character_set_client */;
/*!50503 SET character_set_client = utf8mb4 */;
CREATE TABLE `characters_weapon` (
  `id_character` int NOT NULL,
  `id_weapon` int NOT NULL,
  PRIMARY KEY (`id_character`,`id_weapon`),
  KEY `fk_cw_w` (`id_weapon`),
  CONSTRAINT `fk_cw_c` FOREIGN KEY (`id_character`) REFERENCES `characters` (`id_character`),
  CONSTRAINT `fk_cw_w` FOREIGN KEY (`id_weapon`) REFERENCES `weapon` (`id_weapon`)
) ENGINE=InnoDB DEFAULT CHARSET=utf8mb4 COLLATE=utf8mb4_0900_ai_ci;
/*!40101 SET character_set_client = @saved_cs_client */;

--
-- Dumping data for table `characters_weapon`
--

LOCK TABLES `characters_weapon` WRITE;
/*!40000 ALTER TABLE `characters_weapon` DISABLE KEYS */;
INSERT INTO `characters_weapon` VALUES (19,4),(2,9),(12,15),(24,17),(25,18),(2,23),(16,23),(12,27),(19,30),(21,30),(25,33),(21,35),(16,37),(24,37),(5,50),(5,68),(1,78),(13,78),(6,79),(20,79),(27,80),(22,82),(1,84),(4,84),(6,84),(20,84),(28,98),(7,100),(4,101),(9,101),(22,103),(9,105),(13,105),(27,105),(28,105),(7,106),(23,117),(10,120),(17,121),(3,122),(15,122),(15,134),(17,134),(3,135),(23,136),(10,137),(11,144),(8,152),(18,154),(14,158),(11,161),(18,161),(26,162),(14,164),(8,165),(26,170);
/*!40000 ALTER TABLE `characters_weapon` ENABLE KEYS */;
UNLOCK TABLES;

--
-- Table structure for table `constellation`
--

DROP TABLE IF EXISTS `constellation`;
/*!40101 SET @saved_cs_client     = @@character_set_client */;
/*!50503 SET character_set_client = utf8mb4 */;
CREATE TABLE `constellation` (
  `id_constellation` int NOT NULL AUTO_INCREMENT,
  `id_character` int NOT NULL,
  `name_constellation` varchar(100) NOT NULL,
  `constellation_level` int NOT NULL,
  `description_constellation` text NOT NULL,
  PRIMARY KEY (`id_constellation`),
  UNIQUE KEY `name_constellation_UNIQUE` (`name_constellation`),
  UNIQUE KEY `description_constellation_UNIQUE` (`description_constellation`(255)),
  KEY `fk_c_c` (`id_character`),
  CONSTRAINT `fk_c_c` FOREIGN KEY (`id_character`) REFERENCES `characters` (`id_character`)
) ENGINE=InnoDB AUTO_INCREMENT=169 DEFAULT CHARSET=utf8mb4 COLLATE=utf8mb4_0900_ai_ci;
/*!40101 SET character_set_client = @saved_cs_client */;

--
-- Dumping data for table `constellation`
--

LOCK TABLES `constellation` WRITE;
/*!40000 ALTER TABLE `constellation` DISABLE KEYS */;
INSERT INTO `constellation` VALUES (1,1,'Дробящий шторм',1,'Каждый прицельный выстрел пускает две дополнительные стрелы. Каждая дополнительная стрела наносит 33% от урона первой стрелы.'),(2,1,'Бриз воспоминаний',2,'Использование навыка Небесная поэзия уменьшает Анемо и физ. сопротивление противников на 12% в течение 10 сек.\nТакже временно понижает Анемо и физ. сопротивление противников, подкинутых в воздух этим навыком, на 12%.'),(3,1,'Ода тысяче ветров',3,'Увеличивает уровень навыка Великая ода ветру на 3.\nМакс. уровень: 15'),(4,1,'Ветер свободы',4,'Подобранные Венти элементальные сферы и частицы дают ему 25% бонус Анемо урона в течение 10 сек.'),(5,1,'Небесная гармония',5,'Увеличивает уровень навыка Небесная поэзия на 3.\nМакс. уровень: 15'),(6,1,'Шторм непокорности',6,'Понижает Анемо сопротивление противников, получивших урон от навыка Великая ода ветру, на 20%.\nЕсли произошло Поглощение стихии, то также понижает сопротивление к поглощённому элементу на 20%.'),(7,2,'Алые холмы',1,'Уменьшает время отката навыка Тихаяфуру на 10%, также использование навыка Удар Кадзухи полностью сбрасывает его время отката.'),(8,2,'Ветер ямаараси',2,'Поле Осеннего вихря, созданное навыком Удар Кадзухи, имеет следующие свойства:\n· Увеличивает мастерство стихий Кадзухи на 200 ед.\n· Увеличивает мастерство стихий персонажей внутри поля на 200 ед.\n\nЭффекты увеличения мастерства стихий этого созвездия не складываются.'),(9,2,'Кленовая легенда',3,'Увеличивает уровень навыка Тихаяфуру на 3.\nМакс. уровень: 15'),(10,2,'Одзора гэмпо',4,'Когда энергия Кадзухи падает ниже 45 ед., он получает следующие эффекты:\n·Быстрое и долгое нажатие навыка Тихаяфуру восстанавливает 3 и 4 ед. энергии Кадзухи соответственно.\n·Полёт на планере восстанавливает 2 ед. энергии Кадзухи в сек.'),(11,2,'Мудрость веков',5,'Увеличивает уровень навыка Удар Кадзухи на 3.\nМакс. уровень: 15'),(12,2,'Багровые листья',6,'Использование навыков Тихаяфуру и Удар Кадзухи наделяет оружие Кадзухи инфузией Анемо на 5 сек. А также каждая единица мастерства стихий Кадзухи увеличивает на 0,2% урон, наносимый его обычной атакой, заряженной атакой и атакой в падении.'),(13,3,'Сёбан: Пышный плюмаж',1,'У Странника в состоянии Избранника ветра скорость атак Куго: Фусёдан и Куго: Тофукай увеличивается на 10%.\nКроме того, стрелы ветра пассивного таланта Бури грёз наносят дополнительные 25% урона от силы атаки. Требуется разблокировать пассивный талант Бури грёз.'),(14,3,'Нибан: Лунный остров среди белых волн',2,'Когда Странник находится в состоянии Избранника ветра, урон навыка Кёгэн: Пять церемониальных актов при его использовании увеличится на 4% за каждую единицу разницы между текущим и максимальным показателем куго-рёку.\nУвеличить урон навыка Кёгэн: Пять церемониальных актов таким способом можно максимум на 200%.'),(15,3,'Самбан: Кусэмай лунного цветка',3,'Увеличивает уровень навыка Кёгэн: Пять церемониальных актов на 3.\nМакс. уровень: 15'),(16,3,'Ёмбан: По течению к весне',4,'Если во время применения навыка Ханэга: Песнь ветра активируется пассивный талант Цветок нефрита, кроме усилений соответствующих элементов персонаж получит 1 случайное неактивированное усиление. Одновременно может существовать 3 соответствующих элементальных усиления.\nТребуется разблокировать пассивный талант Цветок нефрита.'),(17,3,'Мацубан: Древний свет из другого края',5,'Увеличивает уровень навыка Ханэга: Песнь ветра на 3.\nМакс. уровень: 15'),(18,3,'Сюгэн: Печальное колыхание занавеса',6,'Попадание Странника атакой Куго: Фусёдан по врагу, когда он находится в состоянии Избранника ветра, производит следующие эффекты:\n·В месте попадания совершает дополнительный удар Куго: Фусёдан, который наносит 40% от изначального урона. Этот урон считается уроном обычной атаки.\n·Если куго-рёку меньше 40 ед., восстанавливает 4 ед. куго-рёку Странника. Подобным образом можно восстановить 1 ед. куго-рёку в 0,2 сек. Эффект активируется до 5 раз во время действия одного и того же состояния Избранника ветра.'),(19,4,'Истина любым путём',1,'Во время действия одного и того же Проявления бури навыка Царство ветров насамджнин Фарузан полностью заряженными прицельными выстрелами может выпускать до 2 стрел урагана.'),(20,4,'Восторженный разум',2,'Ослепительный многогранник навыка Тайные тропы ветров существует на 6 сек. дольше.'),(21,4,'Прогулка по саду духов',3,'Увеличивает уровень навыка Царство ветров насамджнин на 3.\nМакс. уровень: 15'),(22,4,'Божественное постижение',4,'В зависимости от количества поражённых противников воронка навыка Царство ветров насамджнин восстанавливает энергию Фарузан: попадание по одному противнику восстанавливает 2 ед. энергии, а попадание по каждому последующему противнику – 0,5 энергии.\nОдна воронка таким образом может восстановить до 4 ед. энергии Фарузан.'),(23,4,'Чудесный мир размышлений',5,'Увеличивает уровень навыка Тайные тропы ветров на 3.\nМакс. уровень: 15'),(24,4,'Дивный путь истины',6,'Когда персонажи под воздействием Дара молитвенного ветра навыка Тайные тропы ветров наносят Анемо урон, их крит. урон повышается на 40%. Если активный персонаж под воздействием Дара молитвенного ветра наносит урон, на поражённого противника будет наложен Обвал под давлением, этот эффект возникает не чаще одного раза в 3 сек. Его откат общий для всего отряда.'),(25,5,'Вольные льды',1,'Последний удар обычной атаки Чун Юня выпускает 3 ледяных клинка. Каждый клинок наносит Крио урон, равный 50% от силы атаки Чун Юня.'),(26,5,'Циркуляция воздуха',2,'Уменьшает время отката элементальных навыков и взрывов стихии, активированных в области навыка Духовное лезвие: Холод Чунхуа, на 15%.'),(27,5,'Облачный раскат',3,'Увеличивает уровень навыка Духовное лезвие: Падение с небес на 3.\nМакс. уровень: 15'),(28,5,'Замёрзшие небеса',4,'При попадании по врагу с эффектом Крио Чун Юнь восстанавливает 1 ед. энергии.\nМожет возникнуть раз в 2 сек.'),(29,5,'Истинный порядок вещей',5,'Увеличивает уровень навыка Духовное лезвие: Холод Чунхуа на 3.\nМакс. уровень: 15'),(30,5,'Молитва четырём духам',6,'Увеличивает урон навыка Духовное лезвие: Падение с небес на 15% по врагам, HP которых меньше HP Чун Юня;\nТакже активация этого навыка призывает одно дополнительное Духовное лезвие.'),(31,6,'Затяжное послевкусие',1,'После окончания эффектов навыка Авторский коктейль восстанавливает Дионе 15 ед. энергии.'),(32,6,'Взболтать, но не мурлыкать',2,'Увеличивает урон и поглощение щита навыка Морозные коготочки на 15%.\nТакже при попадании навык создаёт другим находящимся неподалёку персонажам на 5 сек. щит, поглощение урона которого составляет 50% от поглощения щита навыка Морозные коготочки.'),(33,6,'Ещё стаканчик?',3,'Увеличивает уровень навыка Авторский коктейль на 3.\nМакс. уровень: 15'),(34,6,'Конец винной индустрии',4,'Нахождение в области навыка Авторский коктейль уменьшает время зарядки выстрела Дионы на 60%.'),(35,6,'Двойной шот со льдом',5,'Увеличивает уровень навыка Морозные коготочки на 3.\nМакс. уровень: 15'),(36,6,'Мы закрываемся!',6,'Персонажи, находящиеся в области навыка Авторский коктейль, получают следующие эффекты, зависящие от их HP:\n·При HP равном или ниже 50% увеличивает бонус получаемого лечения на 30%.\n·При HP выше 50% увеличивает мастерство стихий на 200 ед.'),(37,7,'Жажда росы',1,'Попадание стрелой-снежинкой с уровнем заряда 2 или её цветением понижает Крио сопротивление противников на 15% в течение 6 сек.;\nТакже попадание восстанавливает 2 ед. энергии Гань Юй. Каждое попадание заряженной атакой с уровнем заряда 2 может восстановить энергию только один раз, вне зависимости от того, было ли это попадание стрелой-снежинкой или её цветением.'),(38,7,'Благополучие',2,'Увеличивает количество зарядов навыка След цилиня на 1.'),(39,7,'Облачные странствия',3,'Увеличивает уровень навыка Небесный дождь на 3.\nМакс. уровень: 15'),(40,7,'Поход на Запад',4,'Увеличивает урон, получаемый врагами, находящимися в области навыка Небесный дождь. Этот эффект усиливается со временем.\nУвеличение урона начинается с 5% и увеличивается на 5% каждые 3 сек., до макс. 25%.\nЭффект продолжается ещё 3 сек. после того, как враг покидает зону действия навыка.'),(41,7,'Милосердие',5,'Увеличивает уровень навыка След цилиня на 3.\nМакс. уровень: 15'),(42,7,'Сострадание',6,'Следующая стрела-снежинка в течение 30 сек. после активации навыка След цилиня не нуждается в зарядке.'),(43,8,'Откровения грешника',1,'При критическом попадании скорость и урон обычной атаки Розарии повышается на 10% в течение 4 сек.'),(44,8,'Несчастная земля',2,'Увеличивает длительность существования Ледяного копья навыка Обряд кончины на 4 сек.'),(45,8,'Таинство покаяния',3,'Увеличивает уровень навыка Казнящая исповедь на 3.\nМакс. уровень: 15'),(46,8,'Благодатные муки',4,'Крит. попадания навыка Казнящая исповедь восстанавливают 5 ед. энергии Розарии.\nМожет возникнуть не более 1 раза за каждое использование навыка Казнящая исповедь.'),(47,8,'Предсмертная молитва',5,'Увеличивает уровень навыка Обряд кончины на 3.\nМакс. уровень: 15'),(48,8,'Божественный суд',6,'Атаки навыка Обряд кончины понижают физ. сопротивление врагов на 20% в течение 10 сек.'),(49,9,'Побеги определяются корнями',1,'Увеличивает шанс крит. попадания заряженной атакой Тигнари на 15%.'),(50,9,'Истоки узнаются по стеблю',2,'Когда в поле виджняны-кханды, созданном Миной виджняны-пхалы, находятся враги, Тигнари получает 20% бонус Дендро урона.\nЕсли время действия поля истечёт или в нём не останется врагов, эффект продлится ещё 6 сек.'),(51,9,'По ветвям постигается сотворение',3,'Увеличивает уровень навыка Стрела лианы жизни на 3.\nМакс. уровень: 15.'),(52,9,'В листьях является расцвет и увядание',4,'Активация навыка Стрела лианы жизни увеличивает мастерство стихий всех членов отряда поблизости на 60 ед. на 8 сек. Если Стрела лианы жизни вызовет Горение, Бутонизацию, Стимуляцию или Разрастание, мастерство стихий увеличится ещё на 60 ед., а длительность эффекта обновится.'),(53,9,'Во цветении осмысливается истина',5,'Увеличивает уровень навыка Мина виджняны-пхалы на 3.\nМакс. уровень: 15.'),(54,9,'Плодом налитым определяется карма',6,'Сокращает время заряда стрелы-венца на 0,9 сек. и при попадании создаёт 1 дополнительную стрелу соцветия.'),(55,10,'Семя потаённых знаний',1,'Когда активируется Святилище Майи, при подсчёте типов элементов персонажей к количеству Пиро, Электро и Гидро персонажей прибавляет по 1.'),(56,10,'Корень всей полноты',2,'Враги, на которых наложены Семена скандхи самой Нахиды, подвергаются воздействию следующих эффектов:\n·Полученный урон от реакций Горение, Бутонизация, Вегетация и Цветение может становиться критическим. Шанс крит. попадания составляет 20%, а крит. урон – 100%.\n·В течение 8 сек. после воздействия реакций Стимуляция, Обострение и Разрастание защита понижается на 30%.'),(57,10,'Росток перенятых успехов',3,'Увеличивает уровень навыка Пелена знаний на 3.\nМакс. уровень: 15'),(58,10,'Стебель ясных заключений',4,'Когда 1/2/3/4 и более противников попадают под воздействие Семян скандхи навыка Пелена знаний, мастерство стихий Нахиды увеличивается на 100/120/140/160 ед.'),(59,10,'Листья просветляющей речи',5,'Увеличивает уровень навыка Призрачное сердце на 3.\nМакс. уровень: 15'),(60,10,'Плод апогея доводов',6,'Если после активации Призрачного сердца Нахида поразит обычной или заряженной атакой врага, отмеченного Семенем скандхи навыка Пелена знаний, на него и всех связанных с ним противников будет наложено Очищение трикармы: Кармическое небытие, которое наносит Дендро урон равный 200% от силы атаки и 400% от мастерства стихий.\nУрон Очищения трикармы: Кармическое небытие считается уроном элементального навыка и может возникнуть один раз в 0,2 сек.\nЧерез 10 сек. либо после 6 активаций Очищения трикармы: Кармическое небытие эффект исчезнет.'),(61,11,'Наставничество Адепта',1,'Когда Редька белого нефрита взрывается, активные персонажи в области её действия получают 15% бонус Дендро урона на 8 сек., а также восстанавливают 15 ед. выносливости.\nВосстанавливать выносливость таким образом можно 1 раз в 5 сек.'),(62,11,'Беспорочность',2,'Если взрывы Редьки белого нефрита наносят противникам урон, когда Яо Яо пребывает в состоянии Наследия Адептов навыка Сошествие лунной яшмы, то она восстанавливает 3 ед. энергии. Восстанавливать энергию таким образом можно 1 раз в 0,8 сек.'),(63,11,'Верность и доброта',3,'Увеличивает уровень навыка Небесное скопление редьки на 3.\nМакс. уровень: 15'),(64,11,'Дружелюбие',4,'После активации Небесного скопления редьки или Сошествия лунной яшмы мастерство стихий Яо Яо увеличивается пропорционально 0,3% от её макс. HP на 8 сек. Таким образом мастерство стихий может прибавиться до 120 ед.'),(65,11,'Сострадательность',5,'Увеличивает уровень навыка Сошествие лунной яшмы на 3.\nМакс. уровень: 15'),(66,11,'Благодетельность',6,'С каждым третьим броском Редьки белого нефрита Бросающий Юэгуй дополнительно бросает 1 Мегаредьку, которая обладает большей зоной поражения и следующими эффектами при взрыве:\n·Наносит Дендро урон по площади, равный 75% от силы атаки Яо Яо.\n·Восстанавливает HP активного персонажа пропорционально 7,5% от макс. HP Яо Яо.\nКаждый Бросающий Юэгуй может бросить до 2 Мегаредек.'),(67,12,'Интуиция',1,'Когда Проекционный удар попадает по противнику, откат навыка Универсалия: Совершенствование формы уменьшается на 1,2 сек. Эффект активируется не чаще одного раза в 1 сек.'),(68,12,'Полемика',2,'Когда аль-Хайтам создаёт Зеркало света, его мастерство стихий повышается на 50 ед. на 8 сек. Эффект может складываться до 4 раз. Длительность каждого уровня рассчитывается отдельно. Эффект срабатывает, даже если достигнуто максимальное количество Зеркал света.'),(69,12,'Отрицание',3,'Увеличивает уровень навыка Универсалия: Совершенствование формы на 3.\nМакс. уровень: 15'),(70,12,'Толкование',4,'Во время применения навыка Особое поле: Взаимосвязь феноменов в зависимости от количества израсходованных и созданных в этот раз Зеркал света активируются следующие эффекты:\n·Каждое израсходованное Зеркало света повышает мастерство стихий остальных членов отряда поблизости на 30 ед. на 15 сек.\n·Каждое созданное Зеркало света даёт аль-Хайтаму 10% бонус Дендро урона на 15 сек.\n\nСуществующие эффекты, описанные выше, будут сняты, если во время их действия повторно активировать Особое поле: Взаимосвязь феноменов.'),(71,12,'Проницательность',5,'Увеличивает уровень навыка Особое поле: Взаимосвязь феноменов на 3.\nМакс. уровень: 15'),(72,12,'Структурирование',6,'Аль-Хайтам получает следующие эффекты:\n·Через 2 сек. после применения навыка Особое поле: Взаимосвязь феноменов вне зависимости от числа израсходованных Зеркал света создаётся 3 Зеркала света.\n·Если аль-Хайтам создаёт Зеркала света, когда достигнуто их максимальное количество, его шанс крит. попадания повысится на 10%, а крит. урон – на 70% на 6 сек.\nЕсли эффект во время его исходного действия активируется повторно, его длительность увеличится на 6 сек.'),(73,13,'Глаза ворона',1,'Будучи вне битвы, Оз продолжает присматривать за Фишль. Когда Фишль атакует врага, Оз проводит совместную с ней атаку, нанося 22% урона от силы атаки Фишль.'),(74,13,'Перо осуждения',2,'Активация навыка Тень расправленных крыльев наносит 200% урона, а его зона поражения увеличивается на 50%.'),(75,13,'Крылья цвета бездны',3,'Увеличивает уровень навыка Тень расправленных крыльев на 3.\nМакс. уровень: 15'),(76,13,'Принцесса иллюзий',4,'При активации навыка Ночная иллюзия наносит 222% атаки в виде Электро урона окружающим врагам.\nПо окончании навыка Фишль восстанавливает 20% HP.'),(77,13,'Полуночный апокалипсис',5,'Увеличивает уровень навыка Ночная иллюзия на 3.\nМакс. уровень: 15'),(78,13,'Птица вечной ночи',6,'Увеличивает длительность пребывания Оза на поле боя на 2 сек. Оз атакует вместе с вашим активным персонажем, нанося Электро урон, равный 30% от силы атаки Фишль.'),(79,14,'Зловещая надпись',1,'Чакра вожделения набирает Решимость ещё быстрее. Когда Электро персонажи используют свой взрыв стихии, получаемая Решимость увеличивается на 80%. Когда персонажи других элементальных типов используют свой взрыв стихии, получаемая Решимость увеличивается на 20%.'),(80,14,'Разрушитель стали',2,'Атаки сёгуна Райдэн в состоянии Мусо иссин навыка Тайное искусство: Мусо синсэцу и Мусо но хитотати игнорируют 60% от защиты противника.'),(81,14,'Синкагэ минувших дней',3,'Увеличивает уровень навыка Тайное искусство: Мусо синсэцу на 3.\nМакс. уровень: 15'),(82,14,'Клятва истинности',4,'Когда состояние Мусо иссин навыка Тайное искусство: Мусо синсэцу заканчивается, все окружающие члены отряда (кроме сёгуна Райдэн) получают 30% бонус силы атаки на 10 сек.'),(83,14,'Нисхождение сёгуна',5,'Увеличивает уровень навыка Превосходство: Зловещее знамение на 3.\nМакс. уровень: 15'),(84,14,'Хранитель желаний',6,'В состоянии Мусо иссин навыка Тайное искусство: Мусо синсэцу атаки сёгуна Райдэн, урон которых считается уроном взрыва стихии, при попадании уменьшают время отката взрывов стихии всех окружающих членов отряда (кроме самого сёгуна Райдэн) уменьшается на 1 сек.\nЭтот эффект может активироваться только раз в 1 сек. до 5 раз за время действия состояния Мусо иссин.'),(85,15,'Подношения яко',1,'При каждой активации удара молнии Небесной кицунэ навыком Великое тайное искусство: Тэнко кэнсин Яэ Мико восстанавливает себе 8 ед. элементальной энергии.'),(86,15,'Лунный зов лисы',2,'Сакура сэссё создаётся уже 2-го уровня. Максимальный уровень повышен до 4, а радиус её атак увеличен на 60%.'),(87,15,'Семь чудесных превращений',3,'Увеличивает уровень навыка Проклятие якан: Сакура сэссё на 3.\nМакс. уровень: 15'),(88,15,'Молния алой вишни',4,'Попадание по врагу ударом молнии Сакуры сэссё наделяет всех персонажей поблизости 20% бонусом Электро урона длительностью 5 сек.'),(89,15,'Бесконечные насмешки',5,'Увеличивает уровень навыка Великое тайное искусство: Тэнко кэнсин на 3.\nМакс. уровень: 15'),(90,15,'Запрещённое искусство: Дайсэссё',6,'Атаки Сакур сэссё игнорируют 60% от защиты противника.'),(91,16,'Отказ от сострадания',1,'Зона поражения навыка Обряд Гёэй Наруками Карияма увеличивается на 50%.'),(92,16,'Отказ от удачи',2,'Длительность Травяного кольца освящения увеличивается на 3 сек.'),(93,16,'Отказ от страданий',3,'Увеличивает уровень навыка Освящающее кольцо на 3.\nМакс. уровень: 15'),(94,16,'Отказ от затворничества',4,'Когда обычные атаки, заряженные атаки и атаки в падении персонажей под действием Травяного кольца освящения Синобу попадают по противникам, на их позиции появляется Метка громовой травы, наносящая Электро урон по площади, который составляет 9,7% от макс. HP Синобу.\nЭффект может возникнуть один раз в 5 сек.'),(95,16,'Отказ от любезностей',5,'Увеличивает уровень навыка Обряд Гёэй Наруками Карияма на 3.\nМакс. уровень: 15'),(96,16,'Отказ от слабости',6,'Когда Куки Синобу получает летальный урон, то не погибает от него. Этот эффект активируется автоматически, когда у Куки Синобу остаётся 1 HP. Может возникнуть раз в 60 сек.\nКогда HP Куки Синобу опускается до 25% или ниже, её мастерство стихий увеличивается на 150 ед. на 15 сек. Эффект может возникнуть раз в 60 сек.'),(97,17,'Пронзающие осколки',1,'При попадании обычная атака наносит урон по площади.'),(98,17,'Шоковый эффект',2,'Разрушение Нефритовой ширмы сбрасывает время её отката.\nМожет возникнуть раз в 6 сек.'),(99,17,'Величественная россыпь звёзд',3,'Увеличивает уровень навыка Осколки звёзд на 3.\nМакс. уровень: 15'),(100,17,'Изысканный блеск нефрита',4,'Навык Нефритовая ширма повышает элементальное сопротивление окружающих персонажей на 10%.'),(101,17,'Бессмертная нефритовая ширма',5,'Увеличивает уровень навыка Нефритовая ширма на 3.\nМакс. уровень: 15'),(102,17,'Грандиозность Цисин',6,'Активация навыка Осколки звёзд даёт Нин Гуан 7 камней Звёздного нефрита.'),(103,18,'На чём держится земля',1,'Допускает одновременное существование двух Каменных стел навыка Власть над камнем.'),(104,18,'Колыбель нефрита',2,'Навык Падение кометы накладывает Яшмовый щит на окружающих персонажей.'),(105,18,'Яшмовый блеск',3,'Увеличивает уровень навыка Власть над камнем на 3\nМакс. уровень: 15'),(106,18,'Топаз, несломленный и бесстрашный',4,'Увеличивает зону поражения навыка Падение кометы на 20%, также увеличивает длительность окаменения на 2 сек.'),(107,18,'Лазурит, вестник порядка',5,'Увеличивает уровень навыка Падение кометы на 3.\nМакс. уровень: 15'),(108,18,'Кризос, награда деспота',6,'Когда Яшмовый щит получает урон, 40% этого урона конвертируется в HP для активного персонажа.\nОдно восстановление не может превышать 8% от макс. HP персонажа.'),(109,19,'Цветок Эдема',1,'Цветки мимолётности, сгенерированные навыком Альбедо Абиогенез: Цветок солнца, восстанавливают 1,2 ед. энергии Альбедо.'),(110,19,'Открытие фанерозоя',2,'Цветки мимолётности, сгенерированные навыком Абиогенез: Цветок солнца, на 30 сек. наделяют Альбедо Роковым расчётом:\n·Активация навыка Ритуал рождения: Тектоническая волна снимает эффект Рокового расчёта и, в зависимости от снятых уровней эффекта, увеличивает урон от взрыва навыка Ритуал рождения: Тектоническая волна и урон Цветков неизбежности.\n·Каждый уровень Рокового расчёта увеличивает урон на 30% от защиты Альбедо.\n·Этот эффект может складываться до 4 раз.'),(111,19,'Милость Гелиоса',3,'Увеличивает уровень навыка Абиогенез: Цветок солнца на 3.\nМакс. уровень: 15'),(112,19,'Сошествие духовности',4,'Увеличивает урон атаки в падении активных членов отряда в области Цветка солнца на 30%.'),(113,19,'Прилив катархея',5,'Увеличивает уровень навыка Ритуал рождения: Тектоническая волна на 3.\nМакс. уровень: 15'),(114,19,'Пыль очищения',6,'Увеличивает урон активных членов отряда в области Цветка солнца, находящихся под эффектом щита реакции Кристалл, на 17%.'),(115,20,'Бег собаки: Скорость ветра',1,'Когда активный персонаж (не Горо), находясь под действием созданного самим Горо Боевого штандарта генерала или области Влияния генерала, наносит Гео урон врагу, время отката Всесторонней защиты Инудзаки Горо снижается на 2 сек.\nЭффект возникает раз в 10 сек.'),(116,20,'Ожидание собаки: Точность часов',2,'Если активный персонаж поблизости во время действия Влияния генерала получает созданный реакцией Кристалл элементальный осколок, то длительность Влияния генерала Горо увеличивается на 1 сек.\nЭффект может возникнуть раз в 0,1 сек. Нельзя увеличить длительность больше чем на 3 сек.'),(117,20,'Укус собаки: Ярость огня',3,'Увеличивает уровень навыка Всесторонняя защита Инудзаки на 3.\nМакс. уровень: 15'),(118,20,'Забота собаки: Нежность воды',4,'У активного персонажа в области Влияния генерала при наличии эффектов Крепость или Ярость каждые 1,5 сек. восстанавливается HP в размере 50% защиты самого Горо.'),(119,20,'Удар собаки: Сила грома',5,'Увеличивает уровень навыка Дзюга: Вперёд к победе на 3.\nМакс. уровень: 15'),(120,20,'Доблесть собаки: Надёжность гор',6,'В течение 12 сек. после запуска Всесторонней защиты Инудзаки или Дзюга: Вперёд к победе у всех членов отряда поблизости увеличивается крит. Гео урон в соответствии с уровнем области:\n·Стойкость - на 10%;\n·Крепость - на 20%;\n·Ярость - на 40%.\n\nЭффект не складывается, действует последний сработавший эффект.'),(121,21,'Запах дождя по утрам',1,'Увеличивает макс. количество Мечей дождя на 1.'),(122,21,'Радужное небо',2,'Увеличивает длительность навыка Гухуа: Радужная стойка на 3 сек;\nПонижает на 15% Гидро сопротивление противников, получивших урон от Мечей Дождя, на 4 сек.'),(123,21,'Стихоплетение',3,'Увеличивает уровень навыка Гухуа: Радужная стойка на 3.\nМакс. уровень: 15'),(124,21,'Укротитель зла',4,'Увеличивает урон навыка Гухуа: Завеса дождя на 50% во время действия навыка Гухуа: Радужная стойка.'),(125,21,'Объятья дождя',5,'Увеличивает уровень навыка Гухуа: Завеса дождя на 3.\nМакс. уровень: 15'),(126,21,'Собрание сочинений',6,'Каждые две атаки Мечей Дождя навыка Гухуа: Радужная стойка увеличивают урон следующей атаки Мечей Дождя. При попадании атаки Мечей Дождя восстанавливают 3 ед. энергии Син Цю.'),(127,22,'Форма духа: Останавливающий волну',1,'Уменьшает время отката навыка Форма духа: Бушующие волны на 20%.'),(128,22,'Форма духа: Скрытое течение',2,'Когда враги со статусом Отлив побеждены, Тарталья восстанавливает 4 ед. элементальной энергии.'),(129,22,'Хаос бездны: Источник беспорядков',3,'Увеличивает уровень навыка Форма духа: Бушующие волны на 3.\nМакс. уровень: 15'),(130,22,'Хаос бездны: Гидро излив',4,'Когда Тарталья находится в стойке Форма духа: Бушующие волны, враги со статусом Отлив получают урон от эффекта Отлив-удар каждые 4 сек. В противном случае срабатывает эффект Отлив-вспышка.\nНа эффекты Отлив-удар и Отлив-вспышка, вызванные этим уровнем созвездия, не действуют их обычные ограничения длительности, также они не имеют никаких эффектов в этих временных промежутках.'),(131,22,'Хаос: Бесформенный клинок',5,'Увеличивает уровень навыка Хаос: Опустошение на 3.\nМакс. уровень: 15'),(132,22,'Хаос: Охота на ангелов',6,'При активации навыка Хаос: Опустошение обнуляется время отката навыка Форма духа: Бушующие волны.\nЭтот эффект срабатывает, только когда Тарталья возвращается в дальнюю стойку.'),(133,23,'У края воды',1,'Когда Сангономия Кокоми облачена в Церемониальное одеяние навыка Вознесение нереиды, последний удар её обычной атаки создаёт плавающую рыбу, которая наносит Гидро урон, равный 30% от её макс. HP.\nЭтот урон не считается уроном обычной атаки.'),(134,23,'Волны моря облаков',2,'Сангономия Кокоми получает следующие бонусы лечения по отношению к персонажам, HP которых равно или меньше 50%:\n·Бакэ-курагэ навыка Клятва курагэ: 4,5% от макс. HP.\n·Обычные и заряженные атаки навыка Вознесение нереиды: 0,6% от макс. HP.'),(135,23,'Лунный челн средь вод',3,'Увеличивает уровень навыка Вознесение нереиды на 3.\nМакс. уровень: 15'),(136,23,'Луна взирает на ручьи',4,'Когда Сангономия Кокоми облачена в Церемониальное одеяние навыка Вознесение нереиды, скорость её обычной атаки увеличивается на 10%, а попадания обычной атакой восстанавливают ей 0,8 ед. энергии.\nЭтот эффект может возникнуть только раз в 0,2 сек.'),(137,23,'Все реки впадают в море',5,'Увеличивает уровень навыка Клятва курагэ на 3.\nМакс. уровень: 15'),(138,23,'Санго иссин',6,'Когда Сангономия Кокоми облачена в Церемониальное одеяние навыка Вознесение нереиды, она получает 40% бонус Гидро урона на 4 сек. после того, как её обычные или заряженные атаки лечат персонажа с HP, равным или выше 80%.'),(139,24,'«У любви, как у пташки, крылья, её нельзя никак поймать»',1,'При использовании Да возрадуются люди Фурина получает 150 ед. фанфар.\nТакже лимит фанфар Фурины увеличивается на 100 ед.'),(140,24,'«Сердце красавиц склонно к измене»',2,'Пока действует навык Да возрадуются люди, прирост фанфар Фурины от увеличения или уменьшения HP персонажей поблизости увеличивается на 250%. Каждая ед. фанфар сверх лимита увеличивает макс. HP Фурины на 0,35%. Предельное увеличение макс. HP таким способом составляет 140%.'),(141,24,'«Но секрет мой скрыт во мне, никто не узнает моё имя!»',3,'Повышает уровень навыка Да возрадуются люди на 3.\nМакс. уровень: 15.'),(142,24,'«Не знает жизни тот, кто не был в царстве смерти!»',4,'Когда участники салона из Салона одиноких сердец попадают по противнику или Певец Потоков восстанавливает HP активному персонажу, Фурина восстанавливает 4 ед. энергии. Этот эффект может возникнуть один раз в 5 сек.'),(143,24,'«Я знаю имя чужестранца! Это имя...»',5,'Увеличивает уровень навыка Салон одиноких сердец на 3.\nМакс. уровень: 15'),(144,24,'«Высоко поднимем все кубок веселья!»',6,'После использования Салона одиноких сердец, Фурина получает Центр внимания на 10 сек.\nВо время его действия урон обычных атак, заряженных атак и атак в падении Фурины конвертируется в Гидро урон. Этот эффект не может быть отменён какой-либо элементальной инфузией. Кроме того, наносимый урон повышается на значение, равное 18% от макс. HP Фурины.\nВо время действия обычные атаки (кроме атаки «Архэ: Священные и мирские места»), заряженные атаки и удары о землю атак в падении при попадании по противнику до 1 раза в 0,1 сек. активируют разные эффекты в зависимости от текущего вида архэ Фурины:\n\nАрхэ: Усия\nКаждую сек. все окружающие члены отряда восстанавливают HP, равное 4% от макс. HP Фурины. Действует 2,9 сек. При повторной активации эффекта время действия продлевается.\n\nАрхэ: Пневма\nУрон последующей обычной атаки (кроме атаки «Архэ: Священные и мирские места»), заряженной атаки или удара о землю атаки в падении дополнительно увеличивается на 25% от макс. HP Фурины. Если вышеперечисленные атаки попадают по противнику, все окружающие члены отряда теряют 1% от своего текущего HP.\n\nВо время действия каждого Центра внимания эти эффекты могут активироваться до 6 раз. Центр внимания прекращается, когда его эффекты активируются 6 раз или когда заканчивается время действия.'),(145,25,'Мечты о приключениях',1,'Увеличение силы атаки навыка Волнительное приключение больше не имеет ограничений по HP, также навык получает дополнительные 20% базовой атаки Беннета.'),(146,25,'Тупиковая ситуация',2,'Увеличивает восстановление энергии Беннета на 30%, когда его HP падает ниже 70%.'),(147,25,'Горячая страсть',3,'Увеличивает уровень навыка Чрезмерные стремления на 3.\nМакс. уровень: 15'),(148,25,'Несгораемая решительность',4,'Использование обычной атаки во время второго удара уровня заряда 1 навыка Чрезмерные стремления позволяет совершить дополнительную атаку.\nЭта атака наносит урон, равный 135% урона второго удара.'),(149,25,'Душа первооткрывателя',5,'Увеличивает уровень навыка Волнительное приключение на 3.\nМакс. уровень: 15'),(150,25,'Пылкая храбрость',6,'Активные члены отряда в области навыка Волнительное приключение, экипированные одноручным мечом, двуручным мечом или древковым оружием, получают 15% бонус Пиро урона, а их оружие наделяется инфузией Пиро.'),(151,26,'Алый букет',1,'Заряженные атаки Ху Тао перестают потреблять выносливость в состоянии Танец бабочки навыка Путеводитель по загробной жизни.'),(152,26,'Зловещий дождь',2,'Увеличивает урон Кровавого цветка на 10% от макс. HP Ху Тао на момент наложения эффекта.\nНавык Упокоение духов также накладывает эффект Кровавого цветка.'),(153,26,'Плавный кармин',3,'Увеличивает уровень навыка Путеводитель по загробной жизни на 3.\nМакс. уровень: 15'),(154,26,'Сады вечного покоя',4,'После победы над противником, находящимся под эффектом Кровавого цветка, наложенным самой Ху Тао, шанс крит. попадания всех окружающих членов отряда (кроме самой Ху Тао) увеличивается на 12% в течение 15 сек.'),(155,26,'Цветочные благовония',5,'Увеличивает уровень навыка Упокоение духов на 3.\nМакс. уровень: 15'),(156,26,'Объятья бабочки',6,'Активируется, когда HP Ху Тао опускается ниже 25% или когда она получает летальный урон:\nХу Тао не погибает от полученного урона. Напротив, на следующие 10 сек. все её элементальные сопротивления и физическое сопротивление повышаются на 200%, её шанс крит. попадания увеличивается на 100%, а также сильно повышается её сопротивление к прерыванию.\nЭтот эффект активируется автоматически, когда у Ху Тао остаётся 1 HP.\nМожет возникнуть раз в 60 сек.'),(157,27,'Агатовый рюкин',1,'Длительность Взрыва золотого сияния, вызванного навыком Камнеломка Рюкин, увеличена на 4 сек.\nТакже победа над противником, находящимся под эффектом Взрыва золотого сияния, во время длительности этого эффекта увеличивает силу атаки Ёимии на 20% в течение 20 сек.'),(158,27,'Шествие тысячи огней',2,'Крит. попадание Пиро уроном Ёимии даёт ей 25% бонус Пиро урона на 6 сек.\nЭтот эффект может быть активирован, даже когда Ёимия не является активным персонажем.'),(159,27,'Пламя трюкача',3,'Увеличивает уровень навыка Огненный танец Ниваби на 3.\nМакс. уровень: 15'),(160,27,'Профессиональный пиротехник',4,'Когда Взрыв золотого сияния Ёимии вызывает взрыв, время отката навыка Огненный танец Ниваби уменьшается на 1,2 сек.'),(161,27,'Канун летнего фестиваля',5,'Увеличивает уровень навыка Камнеломка Рюкин на 3.\nМакс. уровень: 15'),(162,27,'Падающие звёзды Наганохары',6,'Во время действия навыка Огненный танец Ниваби обычные атаки Ёимии имеют 50% шанс пустить дополнительную зажигательную стрелу, которая наносит 60% от первоначального урона. Этот урон считается уроном обычной атаки.'),(163,28,'Взбалмошные чудеса',1,'Допускает одновременное существование двух Хохочущих котошляпов.\nКроме того, стрела-реквизит при попадании будет призывать 2 Хохочущих котошляпов, а также наделять Лини 1 дополнительным уровнем Избыточного реквизита. Эффект может возникнуть один раз в 15 сек.'),(164,28,'Завлекательное фразёрство',2,'Каждые 2 сек. на поле боя Лини получает 1 уровень Предельного внимания, которое повышает крит. урон Лини на 20%. Эффект складывается до 3 раз и исчезает, когда Лини покидает бой.'),(165,28,'Ловкость рук',3,'Увеличивает уровень навыка Форсирование карты с подменой на 3.\nМакс. уровень: 15'),(166,28,'Заученный и отрепетированный план',4,'Попадания заряженной атакой Пиро Лини понижают Пиро сопротивление поражённого врага на 20% на 6 сек.'),(167,28,'Проникновение в тайны',5,'Увеличивает уровень навыка Великий фокус: Парад чудес на 3.\nМакс. уровень: 15'),(168,28,'Неискренняя улыбка',6,'Выпустив стрелу-реквизит, Лини выстреливает Пиротехническим снарядом: Реприза, который наносит 80% урона Пиротехнического снаряда. Урон считается уроном заряженной атаки.');
/*!40000 ALTER TABLE `constellation` ENABLE KEYS */;
UNLOCK TABLES;

--
-- Table structure for table `recommended_stats`
--

DROP TABLE IF EXISTS `recommended_stats`;
/*!40101 SET @saved_cs_client     = @@character_set_client */;
/*!50503 SET character_set_client = utf8mb4 */;
CREATE TABLE `recommended_stats` (
  `id_character` int NOT NULL,
  `id_artifact` int NOT NULL,
  `id_stat` int NOT NULL,
  PRIMARY KEY (`id_character`,`id_artifact`,`id_stat`),
  KEY `fk_rs_a` (`id_artifact`),
  KEY `fk_rs_s` (`id_stat`),
  CONSTRAINT `fk_rs_c` FOREIGN KEY (`id_character`) REFERENCES `characters` (`id_character`),
  CONSTRAINT `fk_rs_s` FOREIGN KEY (`id_stat`) REFERENCES `stats` (`id_stat`)
) ENGINE=InnoDB DEFAULT CHARSET=utf8mb4 COLLATE=utf8mb4_0900_ai_ci;
/*!40101 SET character_set_client = @saved_cs_client */;

--
-- Dumping data for table `recommended_stats`
--

LOCK TABLES `recommended_stats` WRITE;
/*!40000 ALTER TABLE `recommended_stats` DISABLE KEYS */;
INSERT INTO `recommended_stats` VALUES (1,0,16),(1,0,17),(2,0,16),(2,0,17),(2,0,18),(3,0,14),(3,0,16),(3,0,17),(3,0,18),(3,0,19),(4,0,14),(4,0,16),(4,0,17),(4,0,18),(4,0,19),(5,0,14),(5,0,16),(5,0,17),(5,0,18),(5,0,19),(6,0,13),(6,0,17),(7,0,14),(7,0,16),(7,0,17),(7,0,18),(7,0,19),(8,0,14),(8,0,16),(8,0,17),(8,0,18),(8,0,19),(9,0,14),(9,0,16),(9,0,17),(9,0,18),(9,0,19),(10,0,14),(10,0,16),(10,0,17),(10,0,18),(10,0,19),(11,0,13),(11,0,16),(11,0,17),(12,0,14),(12,0,16),(12,0,18),(12,0,19),(13,0,14),(13,0,16),(13,0,17),(13,0,18),(13,0,19),(14,0,14),(14,0,17),(14,0,18),(14,0,19),(15,0,14),(15,0,16),(15,0,17),(15,0,18),(15,0,19),(16,0,13),(16,0,17),(16,0,18),(17,0,14),(17,0,17),(17,0,18),(17,0,19),(18,0,17),(19,0,14),(19,0,15),(19,0,18),(19,0,19),(20,0,15),(20,0,17),(21,0,14),(21,0,17),(21,0,18),(21,0,19),(22,0,14),(22,0,16),(22,0,18),(22,0,19),(23,0,13),(23,0,17),(24,0,13),(24,0,17),(24,0,18),(24,0,19),(25,0,17),(26,0,13),(26,0,14),(26,0,16),(26,0,18),(26,0,19),(27,0,14),(27,0,16),(27,0,18),(27,0,19),(28,0,14),(28,0,17),(28,0,18),(28,0,19),(1,3,6),(2,3,6),(3,3,4),(4,3,7),(5,3,4),(5,3,6),(5,3,7),(6,3,3),(7,3,4),(7,3,6),(8,3,4),(8,3,6),(8,3,7),(9,3,4),(9,3,6),(10,3,6),(11,3,3),(12,3,4),(12,3,6),(13,3,4),(13,3,6),(14,3,4),(14,3,6),(14,3,7),(15,3,4),(16,3,3),(17,3,4),(18,3,3),(19,3,5),(20,3,5),(20,3,7),(21,3,4),(22,3,4),(23,3,3),(23,3,7),(24,3,3),(24,3,7),(25,3,3),(25,3,7),(26,3,3),(26,3,6),(27,3,4),(28,3,4),(1,4,6),(2,4,6),(3,4,8),(4,4,8),(5,4,8),(6,4,3),(7,4,8),(8,4,8),(9,4,8),(10,4,6),(11,4,3),(12,4,8),(13,4,8),(14,4,4),(14,4,6),(14,4,8),(15,4,8),(16,4,3),(17,4,8),(18,4,3),(19,4,8),(20,4,5),(21,4,8),(22,4,8),(23,4,3),(23,4,8),(24,4,3),(24,4,8),(25,4,3),(26,4,8),(27,4,8),(28,4,8),(1,5,6),(2,5,6),(2,5,10),(3,5,10),(3,5,11),(4,5,10),(4,5,11),(5,5,11),(6,5,3),(6,5,12),(7,5,10),(7,5,11),(8,5,10),(8,5,11),(9,5,10),(9,5,11),(10,5,6),(11,5,3),(11,5,12),(12,5,10),(12,5,11),(13,5,10),(13,5,11),(14,5,6),(14,5,10),(14,5,11),(15,5,10),(15,5,11),(16,5,3),(16,5,12),(17,5,10),(17,5,11),(18,5,3),(19,5,10),(19,5,11),(20,5,5),(20,5,10),(21,5,10),(21,5,11),(22,5,10),(22,5,11),(23,5,3),(23,5,12),(24,5,10),(24,5,11),(25,5,3),(25,5,12),(26,5,10),(26,5,11),(27,5,10),(27,5,11),(28,5,10),(28,5,11);
/*!40000 ALTER TABLE `recommended_stats` ENABLE KEYS */;
UNLOCK TABLES;

--
-- Table structure for table `set_artifact`
--

DROP TABLE IF EXISTS `set_artifact`;
/*!40101 SET @saved_cs_client     = @@character_set_client */;
/*!50503 SET character_set_client = utf8mb4 */;
CREATE TABLE `set_artifact` (
  `id_set` int NOT NULL AUTO_INCREMENT,
  `image_set` text NOT NULL,
  `name_set` varchar(40) NOT NULL,
  `dungeon` varchar(40) DEFAULT NULL,
  `incomplete_stat_bonus` text NOT NULL,
  `full_stat_bonus` text,
  PRIMARY KEY (`id_set`),
  UNIQUE KEY `name_set_UNIQUE` (`name_set`),
  UNIQUE KEY `image_set_UNIQUE` (`image_set`(255)),
  UNIQUE KEY `full_stat_bonus_UNIQUE` (`full_stat_bonus`(255))
) ENGINE=InnoDB AUTO_INCREMENT=50 DEFAULT CHARSET=utf8mb4 COLLATE=utf8mb4_0900_ai_ci;
/*!40101 SET character_set_client = @saved_cs_client */;

--
-- Dumping data for table `set_artifact`
--

LOCK TABLES `set_artifact` WRITE;
/*!40000 ALTER TABLE `set_artifact` DISABLE KEYS */;
INSERT INTO `set_artifact` VALUES (1,'Искатель приключений.png','Искатель приключений',NULL,'Увеличивает макс. HP на 1000 ед.','В течение 5 сек. после открытия любого сундука восстанавливает 30% HP.'),(2,'Везунчик.png','Везунчик',NULL,'Увеличивает защиту на 100 ед.','Поднятие монет восстанавливает 300 HP.'),(3,'Целитель.png','Целитель',NULL,'Увеличивает получаемое Лечение на 20%.','Использование взрыва стихии восстанавливает 20% HP.'),(4,'Берсерк.png','Берсерк',NULL,'Увеличивает шанс крит. попадания на 12%.','Увеличивает шанс крит. попадания на 24% при HP ниже 70%.'),(5,'Решимость временщика.png','Решимость временщика',NULL,'Увеличивает силу атаки на 18%.','Увеличивает шанс крит. попадания заряженной атаки на 30%.'),(6,'Воин.png','Воин',NULL,'Увеличивает урон обычной и заряженной атаки на 15%.','Увеличивает урон обычной и заряженной атаки на 25% в течении 8 сек. после использования элементального навыка.'),(7,'Воля защитника.png','Воля защитника',NULL,'Увеличивает защиту на 30%.','Увеличивает сопротивление к элементам, отличающимся от элементов каждого вашего члена отряда, на 30%.'),(8,'Маленькое чудо.png','Маленькое чудо',NULL,'Увеличивает сопротивление ко всем элементам на 20%.','Получаемый элементальный урон повышает сопротивление к соответствующему элементу на 30% в течении 10 сек. Может возникнуть раз в 10 сек.'),(9,'Душа храбреца.png','Душа храбреца',NULL,'Увеличивает силу атаки на 18%.','Увеличивает на 30% урон против врагов с HP выше 50%.'),(10,'Азартный игрок.png','Азартный игрок',NULL,'Увеличивает урон элементальных навыков на 20%.','Победа над противником со 100% шансом восстанавливает время отката элементального навыка. Может возникнуть раз в 15 сек.'),(11,'Учёный.png','Учёный',NULL,'Увеличивает скорость восстановление энергии на 20%.','Получение элементальных сфер или частиц восстанавливает 3 ед. энергии членам отряда, экипированным стрелковым оружием или катализатором. Может возникнуть раз в 3 сек.'),(12,'Шаман молнии.png','Шаман молний',NULL,'Уменьшает длительность полученного Электро эффекта на 40%.',NULL),(13,'Шаман льда.png','Шаман льда',NULL,'Уменьшает длительность полученного Крио эффекта на 40%.',NULL),(14,'Шаман огня.png','Шаман огня',NULL,'Уменьшает длительность полученного Пиро эффекта на 40%.',NULL),(15,'Шаман воды.png','Шаман воды',NULL,'Уменьшает длительность полученного Гидро эффекта на 40%.',NULL),(16,'Инструктор.png','Инструктор',NULL,'Увеличивает мастерство стихий на 80 ед.','Вызов элементальной реакции увеличивает мастерство стихий всех членов отряда на 120 ед. в течении 8 сек.'),(17,'Изгнанник.png','Изгнанник',NULL,'Увеличивает скорость восстановления энергии на 20%.','Использование взрыва стихии восстанавливает 2 ед. энергии остальным членам отряда (но не выбранному персонажу) каждые 2 сек. в течение 6 сек. Эффект не может складываться.'),(18,'Конец гладиатора.png','Конец гладиатора',NULL,'Увеличивает силу атаки на 18%.','Увеличивает урон обычной атаки на 35%, если персонаж использует одноручное, двуручное или древковое оружие.'),(19,'Странствующий ансамбль.png','Странствующий ансамбль',NULL,'Увеличивает мастерство стихий на 80 ед.','Увеличивает урон заряженной атаки на 35%, если персонаж использует катализатор или стрелковое оружие.'),(20,'Возлюбленная юная дева.png','Возлюбленная юная дева','Долина воспоминаний','Увеличивает лечение персонажа на 15%.','Увеличивает получаемое лечение всех членов отряда на 20% в течении 10 сек. после использования элементального навыка или взрыва стихии.'),(21,'Церемония древней знати.png','Церемония древней знати','Чистая вода и горная пещера','Увеличивает урон взрыва стихии на 20%.','Активация взрыва стихии увеличивает силу атаки всех членов отряда на 20% в течении 12 сек. Эффект не складывается.'),(22,'Рыцарь крови.png','Рыцарь крови','Чистая вода и горная пещера','Увеличивает физ. урон на 25%.','После победы над противником увеличивает урон заряженной атаки на 50% и обнуляет стоимость выносливости заряженной атаки на 10 сек.'),(23,'Изумрудная тень.png','Изумрудная тень','Долина воспоминаний','Увеличивает бонус Анемо урона на 15%.','Увеличивает урон Рассеивания на 60%. При взаимодействии Рассеивания с другим элементом, также понижает сопротивление противника к соответствующему элементу на 40% в течении 10 сек.'),(24,'Громогласный рёв ярости.png','Громогласный рёв ярости','Июльские сады','Увеличивает бонус Электро урона на 15%.','Увеличивает урон реакций Перегрузка, Заряжен, Сверхпроводник и Вегетация на 40%. Урон от реакции Обострение увеличивается на 20%. При активации этих реакций, а также реакции Стимуляция, время отката элементального навыка уменьшается на 1 сек. Эффект может возникнуть не чаще 1 раза за 0.8 сек.'),(25,'Усмиряющий гром.png','Усмиряющий гром','Июльские сады','Повышает Электро сопротивление на +40%.','Увеличивает урон против врагов, находящихся под действием Электро, на 35%.'),(26,'Горящая алая ведьма.png','Горящая алая ведьма','Скрытый дворец Уван','Увеличивает бонус Пиро урона на 15%.','Увеличивает Урон статусов Перегрузка и Горение на 40%, а урон статусов Пар и Таяние - на 15%. Использование элементального навыка увеличивает эффекты набора из двух вещей на 50% в течении 10 сек. Может складываться до 3 раз.'),(27,'Ступающий по лаве.png','Ступающий по лаве','Скрытый дворец Уван','Пиро сопротивление +40%.','Увеличивает урон против врагов, находящихся под действием Пиро, на 35%.'),(28,'Архаичный камень.png','Архаичный камень','Владения Гуюнь','Увеличивает бонус Гео урона на 15%.','Подобранные осколки, образованные реакцией Кристалл, увеличивают бонус элементального урона всех членов отряда на 35% в течение 10 сек. Одновременно можно иметь бонус урона только одного элемента.'),(29,'Встречная комета.png','Встречная комета','Владения Гуюнь','Увеличивает прочность щита на 35%.','Под защитой щита увеличивает урон обычной и заряженной атаки на 40%.'),(30,'Заблудший в метели.png','Заблудший в метели','Пик Виндагнира','Увеличивает бонус Крио урона на 15%.','Атаки по противникам с эффектом Крио увеличивают шанс крит. попадания на 20%. Если противник имеет статус Заморозка, то дополнительно увеличивает шанс крит. попадания на 20%.'),(31,'Сердце глубин.png','Сердце глубин','Пик Виндагнира','Увеличивает бонус Гидро урона на 15%.','Увеличивает урон обычной и заряженной атаки на 30% в течение 15 сек. после использования элементального навыка.'),(32,'Стойкость Миллелита.png','Стойкость Миллелита','Горный дозор','Увеличивает макс. HP на 20%.','Когда элементальный навык попадает по врагу, атака всех членов отряда, которые находятся рядом, увеличивается на 20%, а прочность щитов увеличивается на 30% на 3 секунды. Эффект можно активировать каждых 0.5 секунд. Также эффект срабатывает даже в том случае, если использующий этот артефакт персонаж не находится на поле боя.'),(33,'Бледный огонь.png','Бледный огонь','Горный дозор','Увеличивает физ. урон на 25%.','Когда элементальный навык попадает по врагу, атака увеличивается на 9% в течение 7 секунд. Эффект может складываться до 2 раз и срабатывает каждые 0.3 секунды. Как только будет наложено 2 эффекта, бонусов 2 предметов увеличится до 100%.'),(34,'Эмблема рассечённой судьбы.png','Эмблема рассечённой судьбы','Кленовый зал','Увеличивает скорость восстановления энергии на 20%.','Увеличивает урон взрыва стихий на величину, равную 25% от значения восстановления энергии. Эффект можно увеличить максимум до 75%.'),(35,'Воспоминания Симэнавы.png','Воспоминания Симэнавы','Кленовый зал','Увеличивает силу атаки на 18%.','При использовании элементального навыка, если у персонажа 15 или более единиц энергии, он теряет 15 единиц энергии, а урон обычной атаки, заряженной атаки и атаки в падении увеличивается на 50% в течение 10 сек.'),(36,'Кокон сладких грёз.png','Кокон сладких грёз','Дремлющий сад','Увеличивает защиту на 30%.','Персонаж, экипированный этим набором артефактов, получает эффект Любопытства. 1 уровень Любопытства даётся активному персонажу после попадания по противнику атакой Гео (не чаще чем раз в 0,3 сек.). Когда персонаж находится вне поля боя, он получает 1 ур. Любопытства каждые 3 сек. Любопытство может складываться до 4 ур., каждый ур. прибавляет 6% к защите и 6% к Гео урону. Если персонаж не получает Любопытства в течение 6 сек., то теряет 1 накопленный уровень Любопытства.'),(37,'Моллюск морских красок.png','Моллюск морских красок','Дремлющий сад','Повышает бонус лечения на 15%.','Экипированный этим набором артефактов персонаж при лечении соратников создаёт Пузырь морских красок. Пузырь регистрирует восстановленные при лечении HP (в том числе избыточные - когда лечение превышает максимум здоровья). После окончания действия Пузырь взрывается и наносит окружающим врагам урон в размере 90% записанного объёма лечения (урон рассчитывается так же, как для эффектов Заряжен и Сверхпроводник, но на него не действуют бонусы мастерства стихий, уровня и реакций). Пузырь морских красок можно создавать не чаще, чем раз в 3,5 сек. Пузырь может записать до 30 000 восстановленных HP, в том числе HP избыточного лечения. В отряде не может существовать больше одного Пузыря морских красок одновременно. Этот эффект может быть активирован, даже если персонаж, экипированный набором артефактов, не находится на поле боя.'),(38,'Отголоски подношения.png','Отголоски подношения','Затерянная долина','Увеличивает силу атаки на 18%.','Попадания обычной атакой с 36% шансом активируют Ритуал долины: урон обычной атаки повышается на 70% от силы атаки. Через 0,05 сек. после нанесения урона обычной атакой эффект исчезает. Если обычной атаке не удалось активировать этот эффект, шанс его активации следующим попаданием возрастает на 20%. Шанс активации возникает не чаще одного раза в 0,2 сек.'),(39,'Киноварное загробье.png','Киноварное загробье','Затерянная долина','Увеличивает силу атаки на 18%.','После активации взрыва стихии на 16 сек. создаёт Скрытое сияние, которое повышает силу атаки на 8%. Сила атаки персонажа увеличивается ещё на 10%, когда он теряет HP. Этот эффект может возникнуть максимум 4 раза и не чаще, чем раз в 0,8 сек. Скрытое сияние исчезает, когда персонаж покидает поле боя. При повторной активации взрыва стихии существующее Скрытое сияние снимается.'),(40,'Воспоминания дремучего леса.png','Воспоминания дремучего леса','Шпиль одинокого просветления','Увеличивает бонус Дендро урона на 15%.','Попадание элементальным навыком или взрывом стихии снижает Дендро сопротивление врага на 30% на 8 сек. Этот эффект срабатывает, даже если экипированный персонаж не на поле боя.'),(41,'Позолоченные сны.png','Позолоченные сны','Шпиль одинокого просветления','Увеличивает мастерство стихий на 80 ед.','На 8 сек. после вызова элементальной реакции согласно элементам других персонажей в отряде экипированный персонаж получает следующие усиления:\\n· Сила атаки повышается на 14% за каждого персонажа с таким же элементом.\\n· Мастерство стихий повышается на 50 ед. за каждого персонажа с иным элементом. Каждое из этих усилений при подсчёте включает до 3 персонажей. Эффект может возникнуть один раз в 8 сек. и срабатывает, даже если экипированный персонаж не на поле боя.'),(42,'Хроники Чертогов в пустыне.png','Хроники Чертогов в пустыне','Песчаное царство','Увеличивает бонус Анемо урона на 15%.','Попадание заряженной атакой на 15 сек. повышает скорость обычной атаки на 10%, а урон обычной атаки, заряженной атаки и атаки в падении – на 40%.'),(43,'Цветок потерянного рая.png','Цветок потерянного рая','Песчаное царство','Увеличивает мастерство стихий на 80 ед.','Увеличивает урон реакций Бутонизация, Вегетация и Цветение экипированного этим набором персонажа на 40%. Кроме того, активация реакций Бутонизация, Вегетация и Цветение экипированным этим набором персонажем усилит этот эффект на 25%. Каждое суммирование длится 10 сек. Эффект складывается до 4 раз, может возникнуть раз в 1 сек. и активируется, даже если экипированный этим набором персонаж не активен.'),(44,'Сон нимфы.png','Сон нимфы','Заброшенная твердыня','Даёт 15% бонус Гидро урона.','Попадания обычной атаки, заряженной атаки, атаки в падении, элементального навыка и взрыва стихии по противнику на 8 сек. создают 1 уровень Отражения нимфы. Когда действуют 1/2/3 и более уровня Отражения нимфы, сила атаки повышается на 7%/16%/25%, а бонус Гидро урона на 4%/9%/15%. Уровни Отражения нимфы, созданные обычными атаками, заряженными атаками, атаками в падении, элементальными навыками и взрывами стихии, существуют независимо друг от друга.'),(45,'Сияние Вурукаши.png','Сияние Вурукаши','Заброшенная твердыня','Увеличивает НР на 20%.','Увеличивает урон элементального навыка и взрыва стихии на 10%. Если экипированный персонаж получает урон, этот эффект увеличивается на 80% на 5 сек. Эффект увеличения может складываться до 5 раз. Отсчёт времени каждого уровня происходит отдельно. Эти эффекты активируются даже если экипированный персонаж не на поле боя.'),(46,'Золотая труппа.png','Золотая труппа','Конец греха','Увеличивает урон элементального навыка на 20%.','Увеличивает урон элементального навыка на 25%. Кроме того, когда персонаж не на поле боя, урон элементального навыка дополнительно увеличивается на 25%. Через 2 сек. после вступления в бой эффект исчезает.'),(47,'Охотник Сумеречного двора.png','Охотник Сумеречного двора','Конец греха','Увеличивает урон обычной и заряженной атаки на 15%.','Увеличивает шанс крит. попадания на 12% на 5 сек., когда HP увеличивается или снижается. Эффект может складываться до 3 раз.'),(48,'Песнь былых времён.png','Песнь былых времён','Дробящееся собрание','Повышает бонус лечения на 15%.','Экипированный персонаж при лечении членов отряда на 6 сек. создаёт эффект Стремления, который регистрирует осуществлённое лечение (в том числе избыточное). С завершением длительности Стремление превращается в Волны былых времён: при попадании обычной атаки, заряженной атаки, атаки в падении, элементального навыка или взрыва стихии вашего активного персонажа по противнику наносимый урон увеличивается на 8% от общего количества лечения, зарегистрированного Стремлением. После 5 активаций или через 10 сек. эффект Волн тех времён исчезает. Однократный эффект Стремления регистрирует до 15 000 ед. HP. Одновременно может существовать только одно Стремление, но оно может регистрировать лечение, предоставляемое несколькими экипированными персонажами сразу. Этот эффект активируется, даже если экипированный персонаж не на поле боя.'),(49,'Ночной шёпот в Лесу откликающегося эха.png','Ночной шёпот в Лесу откликающегося эха','Дробящееся собрание','Увеличивает силу атаки на 18%.','После использования элементального навыка бонус Гео урона на 10 сек. увеличивается на 20%. Если персонаж находится под защитой щита, созданного реакцией Кристалл, этот эффект увеличивается на 150%. Через 1 сек. после потери щита данное дополнительное увеличение исчезает.');
/*!40000 ALTER TABLE `set_artifact` ENABLE KEYS */;
UNLOCK TABLES;

--
-- Table structure for table `stats`
--

DROP TABLE IF EXISTS `stats`;
/*!40101 SET @saved_cs_client     = @@character_set_client */;
/*!50503 SET character_set_client = utf8mb4 */;
CREATE TABLE `stats` (
  `id_stat` int NOT NULL AUTO_INCREMENT,
  `name_stat` varchar(60) NOT NULL,
  `start_number` decimal(6,2) NOT NULL,
  `max_number` decimal(6,2) NOT NULL,
  `type_stat` char(3) NOT NULL,
  PRIMARY KEY (`id_stat`),
  UNIQUE KEY `id_stat_UNIQUE` (`id_stat`)
) ENGINE=InnoDB AUTO_INCREMENT=33 DEFAULT CHARSET=utf8mb4 COLLATE=utf8mb4_0900_ai_ci;
/*!40101 SET character_set_client = @saved_cs_client */;

--
-- Dumping data for table `stats`
--

LOCK TABLES `stats` WRITE;
/*!40000 ALTER TABLE `stats` DISABLE KEYS */;
INSERT INTO `stats` VALUES (1,'HP',717.00,4780.00,'Осн'),(2,'Сила атаки',47.00,311.00,'Осн'),(3,'Процент от HP',7.00,46.60,'Осн'),(4,'Процент от силы атаки',7.00,46.60,'Осн'),(5,'Процент от защиты',8.70,58.30,'Осн'),(6,'Мастерство стихий',28.00,186.50,'Осн'),(7,'Восстановление энергии',7.80,51.80,'Осн'),(8,'Бонус элементального урона',7.00,46.60,'Осн'),(9,'Бонус физического урона',8.70,58.30,'Осн'),(10,'Шанс критического попадания',4.70,31.10,'Осн'),(11,'Критический урон',9.30,62.20,'Осн'),(12,'Бонус лечения',5.40,35.90,'Осн'),(13,'Процент от HP',4.10,35.00,'Доп'),(14,'Процент от силы атаки',4.10,35.00,'Доп'),(15,'Процент от защиты',5.10,43.70,'Доп'),(16,'Мастерство стихий',16.00,140.00,'Доп'),(17,'Восстановление энергии',4.50,38.90,'Доп'),(18,'Шанс критического попадания',2.70,23.30,'Доп'),(19,'Критический урон',5.40,46.60,'Доп');
/*!40000 ALTER TABLE `stats` ENABLE KEYS */;
UNLOCK TABLES;

--
-- Table structure for table `talent`
--

DROP TABLE IF EXISTS `talent`;
/*!40101 SET @saved_cs_client     = @@character_set_client */;
/*!50503 SET character_set_client = utf8mb4 */;
CREATE TABLE `talent` (
  `id_talent` int NOT NULL AUTO_INCREMENT,
  `id_character` int NOT NULL,
  `category_talent` varchar(20) NOT NULL,
  `name_talent` varchar(100) NOT NULL,
  `description_talent` text NOT NULL,
  `priority_improvement` int NOT NULL,
  PRIMARY KEY (`id_talent`),
  UNIQUE KEY `name_talent_UNIQUE` (`name_talent`),
  KEY `fk_t_c` (`id_character`),
  CONSTRAINT `fk_t_c` FOREIGN KEY (`id_character`) REFERENCES `characters` (`id_character`)
) ENGINE=InnoDB AUTO_INCREMENT=170 DEFAULT CHARSET=utf8mb4 COLLATE=utf8mb4_0900_ai_ci;
/*!40101 SET character_set_client = @saved_cs_client */;

--
-- Dumping data for table `talent`
--

LOCK TABLES `talent` WRITE;
/*!40000 ALTER TABLE `talent` DISABLE KEYS */;
INSERT INTO `talent` VALUES (1,1,'Атака','Божественная точность','Обычная атака:\nДо шести выстрелов из лука.\n\nЗаряженная атака:\nБолее меткий прицельный выстрел с увеличенным уроном.\nВо время прицеливания наконечник стрелы заряжается божественным ветром. Полностью заряженная ветром стрела наносит Анемо урон.\n\nАтака в падении:\nВыпускает град стрел в воздухе, которые при приземлении персонажа наносят урон по площади.',3),(2,1,'Элементальный навык','Небесная поэзия','О, ветер, о котором поют гимны и слагают песни, неси этих странников к небесам!\n\nБыстрое нажатие:\nСоздаёт зону ветра, которая наносит Анемо урон по площади и подкидывает врагов в воздух.\n\nДолгое нажатие:\nВызывает ещё большую силу ветра с Венти в её центре. Она наносит Анемо урон по площади и подкидывает попавших в её зону действия врагов.\nЭта версия навыка поднимает Венти в воздух.\n\nВраги, подкинутые навыком Небесная поэзия, медленно опускаются на землю.',2),(3,1,'Взрыв стихии','Великая ода ветру','Выпустив стрелу из тысячи ветров, призывает огромный глаз бури, который притягивает к себе врагов, нанося им постоянный Анемо урон.\n\nПоглощение стихии:\nПри контакте с элементами Гидро, Пиро, Крио или Электро глаз бури наносит дополнительный урон этим элементом.\nЗа каждое использование навык может поглотить только один элемент.',1),(4,1,'Пассивный талант','Объятья ветра','Долгое нажатие навыка Небесная поэзия создаёт поток ветра, который длится 20 сек.',0),(5,1,'Пассивный талант','Глаз бури','После окончания навыка Великая ода ветру восстанавливает 15 ед. энергии Венти.\nЕсли произошло Поглощение стихии, то также восстанавливает 15 ед. энергии всем членам отряда, чей элемент соответствует поглощённому элементу.',0),(6,1,'Пассивный талант','Ветряной наездник','Уменьшает потребление выносливости активного персонажа во время полёта на 20%.\nНе суммируется с пассивными талантами, дающими точно такие же эффекты.',0),(7,2,'Атака','Фехтовальный стиль Гарю','Обычная атака:\nДо пяти быстрых ударов мечом.\n\nЗаряженная атака:\nДва быстрых взмаха мечом, для которых тратится определённое количество выносливости.\n\nАтака в падении:\nСтремительно падает на землю, атакуя всех врагов на пути. Приземлившись, наносит урон по площади. Если атака в падении произошла благодаря навыку Тихаяфуру, то вместо неё выполняется атака в падении: Мидарэ рандзан.\n\nАтака в падении: Мидарэ рандзан\nУрон атаки в падении, выполненной благодаря элементальному навыку Тихаяфуру, конвертируется в Анемо урон. Также с помощью тайной техники эта атака создаёт небольшой воздушный тоннель, который втягивает в себя ближайшие объекты и врагов.',3),(8,2,'Элементальный навык','Тихаяфуру','Использование тайной техники, столь же свирепой, сколь стремительный ветер, притягивает объекты и врагов к текущей позиции Кадзухи и в небольшом радиусе подкидывает их в воздух, нанося Анемо урон. Также ветряные потоки поднимают в воздух и самого Кадзуху.\nВ течение 10 сек. после поднятия Кадзухи в воздух навыком Тихаяфуру и при соблюдении состояния в воздухе он может выполнить более сильную атаку в падении: Мидарэ рандзан.\n\nБыстрое нажатие:\nМожно совершить в воздухе.\n\nДолгое нажатие:\nНекоторое время заряжается, а затем наносит увеличенный Анемо урон по большей площади, чем быстрое нажатие.\n\nАтака в падении: Мидарэ рандзан\nУрон атаки в падении, выполненной благодаря элементальному навыку Тихаяфуру, конвертируется в Анемо урон. Также с помощью тайной техники эта атака создаёт небольшой воздушный тоннель, который втягивает в себя ближайшие объекты и врагов.\nУрон Мидарэ рандзан считается уроном атаки в падении.',2),(9,2,'Взрыв стихии','Удар Кадзухи','Особая техника Гарю - единственный взмах, словно надвигающийся шторм, наносит Анемо урон по площади.\nСлед от меча оставляет за собой поле Осеннего вихря, которое наносит периодический Анемо урон по площади врагам, находящимся в нём.\n\nПоглощение стихии:\nПри контакте с элементами Гидро, Пиро, Крио или Электро Осенний вихрь наносит дополнительный урон этим элементом.\nЗа каждое использование навык может поглотить только один элемент.',1),(10,2,'Пассивный талант','Летучий клинок','При контакте с элементами Гидро, Пиро, Крио и Электро атака в падении: Мидарэ рандзан навыка Тихаяфуру наносит дополнительный урон соответствующим элементом, равный 200% от силы атаки. Этот урон считается уроном атаки в падении. За раз навык Тихаяфуру может поглотить только один элемент.',0),(11,2,'Пассивный талант','Поэзия песен ветра','Вызывая реакцию Рассеивания, Кадзуха даёт остальным членам отряда 0,04% бонус элементального урона соответствующего элемента за каждую единицу собственного мастерства стихий в течение 8 сек. Полученные этим способом бонусы разных элементов могут совмещаться.',0),(12,2,'Пассивный талант','Шелест ветра','Уменьшает потребление выносливости активного персонажа во время спринта на 20%.\nНе суммируется с пассивными талантами, дающими точно такие же эффекты.',0),(13,3,'Атака','Юбан мэйгэн','Обычная атака:\nДо трёх выстрелов клинками ветра, наносящих Анемо урон.\n\nЗаряженная атака:\nКороткое заклинание, на которое тратится определённое количество выносливости. Накапливает давление ветра перед собой и наносит Анемо урон по площади.\n\nАтака в падении:\nНакопив энергию ветра, стремительно падает на землю, атакуя всех врагов на пути. Приземлившись, наносит Анемо урон по площади.',1),(14,3,'Элементальный навык','Ханэга: Песнь ветра','Сосредотачивает силу ветров, чтобы освободиться от оков земли. Наносит Анемо урон по площади и подпрыгивает, переходя в состояние Избранника ветра.\n\nИзбранник ветра\nВ этом состоянии Странник не может совершать атаки в падении. Обычные и заряженные атаки превращаются в Куго: Фусёдан и Куго: Тофукай, их урон и зона поражения увеличиваются. Их урон считается уроном обычной и заряженной атаки соответственно. Куго: Тофукай не расходует выносливость.\nВ этом состоянии Странник парит, а его передвижение приобретает следующие характеристики:\n·Для поддержания парения потребляется куго-рёку.\n·При выполнении ускорения он расходует дополнительную куго-рёку и совершает ускорение в воздухе. При удержании ускорения постоянно расходуется куго-рёку, поддерживая быстрое перемещение. Этот эффект заменяет обычное ускорение\n·Выполняя прыжок, он дополнительно расходует куго-рёку и увеличивает высоту парения. При удержании прыжка постоянно расходуется куго-рёку и увеличивается высота парения.\n\nКогда куго-рёку заканчивается, это состояние прерывается.\nПовторная активация во время действия Избранника ветра также завершает это состояние.',2),(15,3,'Взрыв стихии','Кёгэн: Пять церемониальных актов','Сжимает атмосферу в одной точке и создаёт вакуум, уничтожающий все страдания, и наносит многократный Анемо урон по площади.\nЕсли персонаж находится в состоянии Избранника ветра навыка Ханэга: Песнь ветра, активация этого навыка завершит его.',3),(16,3,'Пассивный талант','Цветок нефрита','Если Ханэга: Песнь ветра входит в контакт с Гидро, Пиро, Крио или Электро, в зависимости от элемента текущее состояние Избранника ветра получает соответствующие усиления:\n·Гидро: максимум куго-рёку повышается на 20 ед.\n·Пиро: сила атаки повышается на 30%.\n·Крио: шанс крит. попадания повышается на 20%.\n·Электро: попадания обычной и заряженной атакой восстанавливают 0,8 ед. энергии. Восстанавливать энергию таким образом можно раз в 0,2 сек.\n\nОдновременно может существовать 2 таких усиления.',0),(17,3,'Пассивный талант','Бури грёз','Когда Странник в состоянии Избранника попадает по врагу Куго: Фусёдан или Куго: Тофукай, есть 16% шанс получить эффект Сошествие: ускорение в воздухе во время действия этого же состояния Избранника ветра прервёт этот эффект, данное ускорение не будет расходовать куго-рёку и Странник произведёт залп выстрелов из 4 стрел ветра, каждая из которых наносит Анемо урон, равный 35% силы атаки.\nЕсли Куго: Фусёдан или Куго: Тофукай не активировали этот эффект, шанс его активации следующим попаданием возрастает на 12%. Шанс активации возникает не чаще одного раза в 0,1 сек.',0),(18,3,'Пассивный талант','Струны кружащих ветров','При возвышении стрелкового оружия и катализаторов тратится на 50% меньше моры.',0),(19,4,'Атака','Парфянский выстрел','Обычная атака:\nДо четырёх выстрелов из лука.\n\nЗаряженная атака:\nБолее меткий прицельный выстрел с увеличенным уроном.\nВо время прицеливания на наконечнике стрелы собирается могучий ветер. Полностью заряженная ветром могучим ветром стрела наносит Анемо урон.\n\nАтака в падении:\nВыпускает град стрел в воздухе и стремительно падает на землю, атакуя всех врагов на пути. Приземлившись, наносит урон по площади.',3),(20,4,'Элементальный навык','Царство ветров насамджнин','Фарузан вызывает многогранник, который наносит противникам поблизости Анемо урон по площади, и переходит в состояние Проявления бури.\nВо время действия Проявления бури следующий заряженный прицельный выстрел Фарузан расходует это состояние и превращается в стрелу урагана, которая несёт потоки высокого давления и наносит Анемо урон, пропорциональный урону полностью заряженного прицельного Парфянского выстрела.\n\nОбвал под давлением\nСтрела урагана накладывает на поражённого врага или персонажа Обвал под давлением. После небольшой задержки эффект исчезает и вызывает воронку, которая наносит Анемо урон по площади и притягивает к себе предметы и противников поблизости. Если стрела урагана не попадёт в противников или персонажей, на поражённое ею место будет наложен Обвал под давлением.\nУрон воронки считается уроном элементального навыка.',2),(21,4,'Взрыв стихии','Тайные тропы ветров','Фарузан стремительно развёртывает Ослепительный многогранник, который выпускает одну Штормовую волну и наносит Анемо урон по площади.\nНаходясь на поле боя, Ослепительный многогранник непрерывно перемещается по треугольной траектории.\nКаждый раз, достигая вершин треугольной траектории, он выпускает одну Штормовую волну.\n\nШтормовая волна\n·При попадании Штормовая волна накладывает на противников поблизости Бич коварных ветров, который снижает их Анемо сопротивление.\n·Также Штормовая волна накладывает на персонажей поблизости Дар молитвенного ветра, предоставляя им Бонус Анемо урона.',1),(22,4,'Пассивный талант','Стремительный поток','Когда Фарузан пребывает в состоянии Проявления бури навыка Царство ветров насамджнин, время заряда прицельного выстрела уменьшается на 60%, а на врагов при попадании воронки Обвала под давлением накладывается Бич коварных ветров навыка Тайные тропы ветров.',0),(23,4,'Пассивный талант','Утраченная мудрость семи пещер','Когда персонажи под воздействием Дара молитвенного ветра навыка Тайные тропы ветров наносят Анемо урон обычными атаками, заряженными атаками, атаками в падении, а также элементальными навыками и взрывом стихии, они получают Покровительство ураганов: наносимый урон увеличивается на 32% от базовой атаки Фарузан. Этот эффект возникает не чаще одного раза в 0,8 сек. и после завершения Дара молитвенного ветра или однократной активации эффект исчезает.',0),(24,4,'Пассивный талант','Фолианты освещают путь','На 25% увеличивает награду экспедиций в Сумеру длительностью 20 ч.',0),(25,5,'Атака','Искоренение зла','Обычная атака:\nДо четырёх рубящих ударов мечом.\n\nЗаряженная атака:\nВращающаяся атака по окружающим врагам, на которую непрерывно тратится выносливость.\nПосле вращения проводит дополнительную мощную атаку мечом.\n\nАтака в падении:\nСтремительно падает на землю, атакуя всех врагов на пути. Приземлившись, наносит урон по площади.',3),(26,5,'Элементальный навык','Духовное лезвие: Холод Чунхуа','Чун Юнь совершает удар мечом по земле, вызывая перед собой в круглой области взрыв холода, который наносит Крио урон.\nСпустя некоторое время холодный воздух, образованный взрывом, собирается в область Холода Чунхуа. Оружие находящихся в этой области персонажей, экипированных одноручным мечом, двуручным мечом или древковым оружием, наделяется инфузией Крио.',2),(27,5,'Взрыв стихии','Духовное лезвие: Падение с небес','С помощью особых жестов Чун Юнь призывает в воздух три гигантских Духовных лезвия, которые после некоторого времени падают на землю один за другим и взрываются.\nПосле взрыва Духовное лезвие наносит Крио урон по площади и подбрасывает врагов.',1),(28,5,'Пассивный талант','Ровное дыхание','Увеличивает скорость обычной атаки одноручным, двуручным и древковым оружием в области навыка Духовное лезвие: Холод Чунхуа на 8%.',0),(29,5,'Пассивный талант','Лезвие ледяного хищника','После исчезновения области Холода Чунхуа призывает Духовное лезвие, которое наносит 100% урона навыка Духовное лезвие: Холод Чунхуа в качестве Крио урона по площади. Понижает Крио сопротивление врагов, получивших урон от Духовного лезвия, на 10% в течение 8 сек.',0),(30,5,'Пассивный талант','Великий добытчик','Уменьшает длительность экспедиций в Ли Юэ на 25%.',0),(31,6,'Атака','Стиль котёнка','Обычная атака:\nДо пяти выстрелов из лука.\n\nЗаряженная атака:\nБолее меткий прицельный выстрел с увеличенным уроном.\nВо время прицеливания наконечник стрелы заряжается холодом. Полностью заряженная холодом стрела наносит Крио урон.\nАтака в падении:\nВыпускает град стрел в воздухе, которые при приземлении персонажа наносят урон по площади.',3),(32,6,'Элементальный навык','Морозные коготочки','Выпускает Морозные коготочки, которые наносят противнику Крио урон и создают элементальный щит при ударе.\nПоглощение урона щитом зависит от макс. HP Дионы, а длительность его существования - от количества попавших в цель Морозных коготочков.\n\nБыстрое нажатие:\nМоментально выпускает два Морозных коготочка.\n\nДолгое нажатие:\nОтпрыгивая назад, выпускает пять Морозных коготочков.\nЩит, образованный заряженным навыком, даёт 75% бонус поглощения урона.\n\nЩит поглощает Крио урон на 250% эффективнее, также при активации щит накладывает на персонажа кратковременный эффект Крио.',1),(33,6,'Взрыв стихии','Авторский коктейль','Бросает приготовленный по особому рецепту ледяной коктейль, который наносит Крио урон по площади и создаёт область Прохладительной дымки.\n\nПрохладительная дымка:\n·Наносит Крио урон врагам, находящимся в области;\n·Периодически восстанавливает HP персонажам, находящимся в области.',2),(34,6,'Пассивный талант','Секретное меню','Щит навыка Морозные коготочки увеличивает скорость передвижения персонажа на 10% и уменьшает его потребление выносливости на 10%.',0),(35,6,'Пассивный талант','Пьяный балаган','Уменьшает силу атаки вошедших в зону действия навыка Авторский коктейль врагов на 10% в течение 15 сек.',0),(36,6,'Пассивный талант','За счёт заведения','При приготовлении идеального блюда с восстанавливающими свойствами имеет 12% шанс приготовить дополнительное блюдо.',0),(37,7,'Атака','Небесная стрела','Обычная атака:\nДо шести выстрелов из лука.\n\nЗаряженная атака:\nБолее меткий прицельный выстрел с увеличенным уроном.\nВо время прицеливания наконечник стрелы заряжается ледяной аурой. Эффект зависит от длительности заряда стрелы:\n·Уровень заряда 1: Выпускает ледяную стрелу, наносящую Крио урон;\n·Уровень заряда 2: Выпускает стрелу-снежинку, наносящую Крио урон. При попадании стрела-снежинка расцветает и наносит Крио урон по площади.\nАтака в падении:\nВыпускает град стрел в воздухе, которые при приземлении персонажа наносят урон по площади.',1),(38,7,'Элементальный навык','След цилиня','Гань Юй отпрыгивает назад, оставив перед собой Ледяной лотос, который наносит Крио урон по площади.\nЛедяной лотос:\n·Привлекает атаки врагов на себя;\n·Макс. HP Ледяного лотоса зависит от макс. HP Гань Юй;\n·Если Ледяной лотос уничтожен, либо его время заканчивается, он распускается, нанося Крио урон по площади.',3),(39,7,'Взрыв стихии','Небесный дождь','Собирает из воздуха иней для того, чтобы призвать Священную Крио жемчужину, изгоняющую зло.\nПока навык активен, Священная Крио жемчужина непрерывно обрушивает на врагов в области осколки льда, нанося Крио урон.',2),(40,7,'Пассивный талант','Неразделённое сердце','В течение 5 сек. после выстрела стрелы-снежинки увеличивает шанс крит. попадания стрел-снежинок и вызванного ими цветения на 20%.',0),(41,7,'Пассивный талант','Гармония Земли и Небес','Активные члены отряда, находящиеся в области навыка Небесный дождь, получают 20% бонус Крио урона.',0),(42,7,'Пассивный талант','Отложено на охоту','При ковке стрелкового оружия возвращает 15% затраченной руды.',0),(43,8,'Атака','Копьё церкви','Обычная атака:\nДо пяти ударов копьём.\n\nЗаряженная атака:\nВыпад, наносящий урон противникам на пути, на который тратится определённое количество выносливости.\n\nАтака в падении:\nСтремительно падает на землю, атакуя всех врагов на пути. Приземлившись, наносит урон по площади.',3),(44,8,'Элементальный навык','Казнящая исповедь','Розария стремительно передвигается за противника и пронзает его своим копьём, нанося Крио урон.\nЭта способность не позволяет переместиться за противников крупного телосложения.',2),(45,8,'Взрыв стихии','Обряд кончины','Авторская молитва Розарии. После кругового взмаха своим оружием она вонзает Ледяное копьё в землю. Обе этих атаки наносят Крио урон.\nПока активно, Ледяное копьё периодически выпускает холодный воздух, который наносит Крио урон окружающим врагам.',1),(46,8,'Пассивный талант','Покаяние призрака','Атаки со спины навыка Казнящая исповедь увеличивают шанс крит. попадания Розарии на 12% в течение 5 сек.',0),(47,8,'Пассивный талант','Поддерживающая тьма','Активация навыка Обряд кончины увеличивает шанс крит. попадания всех членов отряда (кроме самой Розарии) на 15% от шанса крит. попадания Розарии в течение 10 сек.\nДобавленный таким образом шанс крит. попадания не может превышать 15%.',0),(48,8,'Пассивный талант','Путь в ночи','Увеличивает скорость передвижения персонажей отряда в ночное время (18:00-06:00) на 10%.\nВ подземельях, Витой Бездне и Подземельях наказания навык не действует и со схожими пассивными талантами не суммируется.',0),(49,9,'Атака','Крушащая преграды кханда','Обычная атака:\nПроизводит до четырёх последовательных выстрелов из лука.\n\nЗаряженная атака:\nБолее меткий прицельный выстрел с увеличенным уроном.\nВо время прицеливания наконечник стрелы заряжается силой Дендро. Эффект зависит от длительности заряда стрелы.\n·Уровень заряда 1: выпускает стрелу, наполненную силой растений, которая наносит Дендро урон.\n·Уровень заряда 2: выпускает стрелу-венец, наносящую Дендро урон. При попадании стрела-венец выпускает 4 стрелы соцветия, которые самостоятельно находят цели поблизости и наносят Дендро урон.\n\nАтака в падении:\nВыпускает град стрел в воздухе, которые при приземлении персонажа наносят урон по площади.',1),(50,9,'Элементальный навык','Мина виджняны-пхалы','Тигнари выбрасывает вперёд Сердце бури виджняны, которое наносит Дендро урон по площади и создаёт Поле виджняны-кханды. Поле порождает иллюзию, которая непрерывно привлекает атаки врагов на себя.\nВдобавок Тигнари получает эффект Прорыва виджняны, сокращающий время заряда стрелы-венца на 2,4 сек. Эффект рассеется, когда закончится его длительность или Тигнари выпустит 3 стрелы-венца.',3),(51,9,'Взрыв стихии','Стрела-лиана жизни','Собрав силу семян, выпускает 6 стрел-лиан. Стрелы-лианы самостоятельно находят цели и наносят Дендро урон.\nПри попадании они выпускают дополнительные стрелы-лианы, которые также самостоятельно находят цели и при попадании наносят Дендро урон.',2),(52,9,'Пассивный талант','Острый глаз','Выпущенная Тигнари стрела-венец увеличивает его мастерство стихий на 50 ед. на 4 сек.',0),(53,9,'Пассивный талант','Учёный клинок','Каждая единица мастерства стихий Тигнари увеличивает урон его заряженной атаки и стрелы лианы жизни на 0,06%.\nБонус урона, полученный таким образом, не может превышать 60%.',0),(54,9,'Пассивный талант','Энциклопедические знания','Отмечает диковины Сумеру на мини-карте.',0),(55,10,'Атака','Акара','Обычная атака:\nДо четырёх ударов перед собой, наносящих Дендро урон.\n\nЗаряженная атака:\nПосле прочтения краткого заклинания, на которое тратится определённое количество выносливости, наносит Дендро урон по площади впереди.\n\nАтака в падении:\nНакопив энергию растений, стремительно падает на землю, атакуя всех врагов на пути. Приземлившись, наносит Дендро урон по площади.',3),(56,10,'Элементальный навык','Пелена знаний','Выпускает рядом с собой кармическую связь трав и деревьев, которая наносит Дендро урон по площади. До 8 поражённых противников получают Семя скандхи.\nПри долгом нажатии способ активации навыка меняется.\n\nДолгое нажатие\nПереходит в режим прицеливания, в котором можно выбрать нескольких противников в определённой области. В режиме прицеливания сопротивление прерыванию Нахиды увеличивается. По завершении прицеливания выбранные враги получат Дендро урон и Семя скандхи.\nРежим прицеливания длится до 5 сек., в нём можно выбрать до 8 противников.\n\nСемя скандхи\nМежду врагами с Семенем скандхи на определённом расстоянии устанавливается связь.\nЕсли помеченные Семенем скандхи враги подвергаются воздействию элементальных реакций или получают урон от Дендро ядер (включая урон от Цветения и Вегетации), Нахида выпускает Очищение трикармы, которое наносит им и всем связанным с ними врагам Дендро урон, зависящий от её силы атаки и мастерства стихий.\nОчищение трикармы может быть вызвано максимум один раз за определённый период.',1),(57,10,'Взрыв стихии','Призрачное сердце','Являет миру Чертоги сновидений и создаёт Святилище Майи.\n\nПри этом, в зависимости от представленных в отряде элементов персонажей, отдельно друг от друга активируются соответствующие эффекты:\n·Пиро: пока Нахида пребывает в Святилище Майи, урон Очищения трикармы её элементального навыка Пелена знаний увеличивается.\n·Электро: пока Нахида пребывает в Святилище Майи, интервал активации Очищения трикармы её элементального навыка сокращается.\n·Гидро: продлевает действие Святилища Майи.\n\nЕсли во время активации Святилища Майи в отряде 2 или больше персонажей соответствующего элемента, эффекты усилятся.\n\nОтряд получит усиление, пребывая в Святилище Майи, даже если Нахида не на поле боя.',2),(58,10,'Пассивный талант','Просветлённое сострадание','При активации Призрачного сердца Святилище Майи получает следующие эффекты:\n·Мастерство стихий активного персонажа в области навыка повышается на 25% от мастерства стихий персонажа отряда с самым высоким его значением.\n·Мастерство стихий таким образом может быть увеличено максимум на 250 ед.',0),(59,10,'Пассивный талант','Озарённое пробуждение','За каждую единицу мастерства стихий Нахиды свыше 200 урон Очищения трикармы её Пелены знаний увеличивается на 0,1%, а шанс крит. попадания – на 0,03%.\nУрон Очищения трикармы может таким образом увеличиться на 80%, а шанс крит. попадания – на 24%.',0),(60,10,'Пассивный талант','Осмысление всего сущего','С помощью Пелены знаний Нахида может взаимодействовать с подбираемыми предметами в определённой области.\nВозможно, у этого навыка есть и другие эффекты…',0),(61,11,'Атака','Вращающееся копьё','Обычная атака:\nДо четырёх ударов копьём.\n\nЗаряженная атака:\nВыпад, наносящий урон противникам на пути, на который тратится определённое количество выносливости.\n\nАтака в падении:\nСтремительно падает на землю, атакуя всех врагов на пути. Приземлившись, наносит урон по площади.',3),(62,11,'Элементальный навык','Небесное скопление редьки','Призывает на поле боя Бросающего Юэгуя – особый механизм, изобретение некоего Адепта, который помогает Яо Яо справиться с неприятностями.\nПри долгом нажатии способ активации навыка меняется.\n\nДолгое нажатие\nПереходит в режим прицеливания, в котором можно выбрать направление бросков.\n\nБросающий Юэгуй\nБросает Редьку белого нефрита, которая при попадании в противников или персонажей взрывается, нанося противникам в определённой области Дендро урон и восстанавливая HP персонажам в этой же области пропорционально макс. HP Яо Яо. Если Редька белого нефрита не попадает в противника или персонажа, она остаётся на месте попадания и взрывается, если её коснётся персонаж или противник или истечёт время её действия.\nЦели для Редьки из белого нефрита выбираются в соответствии с обстановкой поблизости:\n·Если у всех персонажей рядом в среднем более 70% HP, целью для броска станет ближайший противник.\n·Если у персонажей рядом 70% HP или менее, в качестве цели будет выбран персонаж рядом с наименьшим количеством HP. Если количество HP персонажей выше 70%, но ниже 100%, а противников рядом нет, броски также совершаются в персонажей. В противном случае броски совершаются в случайном направлении.\n\nОдновременно может существовать не более 2 Бросающих Юэгуев.',1),(63,11,'Взрыв стихии','Сошествие лунной яшмы','По велению некоего Адепта в чрезвычайной ситуации высвобождает всю силу Юэгуя, нанося Дендро урон, и входит во всепобеждающее (в некотором смысле) состояние Наследия Адептов.\n\nНаследие Адептов\n·Создаваемая Редька белого нефрита преобразуется для нанесения урона или лечения в соответствии с характеристиками данного навыка. Когда она взрывается, то восстанавливает HP всем персонажам поблизости, а наносимый Дендро урон считается уроном взрыва стихии.\n·Периодически призывает Прыгающих Юэгуев до тех пор, пока их количество не достигнет лимита. Прыгающий Юэгуй ведёт себя так же, как и Бросающий Юэгуй, призываемый элементальным навыком Небесное скопление редьки. Одновременно может существовать не более 3 Прыгающих Юэгуев.\n·Повышает скорость передвижения Яо Яо на 15%.\n·Дендро сопротивление Яо Яо увеличивается.\n\nЕсли Яо Яо покинет поле боя, состояние Наследия Адептов прервётся. С завершением состояния все Прыгающие Юэгуи исчезнут.',2),(64,11,'Пассивный талант','Звёздная россыпь','Находясь в состоянии Наследия Адептов навыка Сошествие лунной яшмы, Яо Яо во время спринта, прыжков или бега постоянно метает во врагов Редьку белого нефрита. Таким способом можно метать 1 редьку раз в 0,6 сек.',0),(65,11,'Пассивный талант','Забота о ближнем','Когда Редька белого нефрита взрывается, то восстанавливает HP персонажам в области её действия каждую 1 сек. пропорционально 0,8% от макс. HP Яо Яо. Эффект длится 5 сек.',0),(66,11,'Пассивный талант','Догоняя на цыпочках','Когда Яо Яо в отряде, ваши персонажи не будут при приближении спугивать кристальных бабочек и некоторые другие типы животных.\nСущества, на которых действует этот навык, указаны в подразделе «Прочие» раздела «Существа / Фауна» меню Архив.',0),(67,12,'Атака','Абдуктивная аргументация','Обычная атака:\nДо пяти быстрых ударов мечом.\n\nЗаряженная атака:\nДва быстрых взмаха мечом, на которые тратится определённое количество выносливости.\n\nАтака в падении:\nСтремительно падает на землю, атакуя всех врагов на пути. Приземлившись, наносит урон по площади.',2),(68,12,'Элементальный навык','Универсалия: Совершенствование формы','Совершает рывок, по окончании которого наносит противникам поблизости Дендро урон и создаёт Зеркало света.\nПри долгом нажатии способ активации навыка меняется.\n\nДолгое нажатие\nПереходит в режим прицеливания, в котором можно выбрать направление рывка аль-Хайтама.\n\nЗеркало света\nПри активации навыка аль-Хайтам создаёт 1 Зеркало света. Если в данный момент Зеркал света нет, он создаст 1 дополнительное Зеркало света. Зеркала света обладают следующими свойствами:\n·Когда существуют Зеркала света, обычные атаки, заряженные атаки и атаки в падении аль-Хайтама конвертируются в Дендро урон, который не может быть отменён другими инфузиями.\n·Если такие атаки попадают по противнику, то Зеркала света выполняют Проекционный удар, наносящий Дендро урон по площади, размер которого зависит от количества существующих Зеркал света.\n·Одновременно может существовать до 3 Зеркал света.\n·Со временем Зеркала света по очереди исчезают. Все зеркала исчезнут, если аль-Хайтам покинет поле боя.',1),(69,12,'Взрыв стихии','Особое поле: Взаимосвязь феноменов','Создаёт Особое связующее поле и наносит многократный Дендро урон по площади.\nЕсли во время активации навыка существуют Зеркала света, все зеркала израсходуются, увеличивая количество раз нанесения урона.\nЧерез 2 сек. после активации этого навыка, если израсходованных зеркал 0/1/2/3, создаётся 3/2/1/0 новых Зеркал света соответственно.',3),(70,12,'Пассивный талант','Коррекция по четырём причинам','Заряженные атаки или атаки в падении аль-Хайтама при попадании создают по 1 Зеркалу света. Этот эффект может возникнуть один раз в 12 сек.',0),(71,12,'Пассивный талант','Раскрытие тайн','Каждая единица мастерства стихий аль-Хайтама увеличивает урон его Проекционного удара и навыка Особое поле: Взаимосвязь феноменов на 0,1%.\nБонус урона этих навыков, полученный таким образом, не может превышать 100%.',0),(72,12,'Пассивный талант','Закон редуктивной переопределённости','При создании материалов возвышения оружия имеет 10% шанс создать дополнительный предмет.',0),(73,13,'Атака','Стрела возмездия','Обычная атака:\nДо пяти выстрелов из лука.\n\nЗаряженная атака:\nБолее меткий прицельный выстрел с увеличенным уроном.\nВо время прицеливания наконечник стрелы заряжается тьмой Нирваны Ночи. Полностью заряженная тьмой стрела наносит огромный Электро урон.\n\nАтака в падении:\nВыпускает град стрел в воздухе, которые при приземлении персонажа наносят урон по площади.',3),(74,13,'Элементальный навык','Тень расправленных крыльев','Призывает Оза. Ночной ворон, сотканный из тьмы и молнии, спускается на землю и наносит Электро урон в небольшом радиусе.\nПока навык активен, Оз будет атаковать ближайших врагов Электро снарядами.\n\nУдерживайте, чтобы указать место, куда будет призван Оз.\nПока навык активен, нажмите снова, чтобы подозвать его к Фишль.',1),(75,13,'Взрыв стихии','Ночная иллюзия','Приказывает ворону Озу расправить свои сумеречные крылья и встать на защиту Фишль.\nПока навык активен:\n·Фишль принимает форму Оза, значительно увеличивающую её скорость передвижения;\n·Обрушивает на ближайших врагов молнию, наносящую Электро урон. Каждый противник может получить только один удар молнией;\n·После окончания навыка Оз остаётся на поле боя, продолжая атаковать врагов принцессы. Если Оз уже был на поле боя, этот навык сбрасывает длительность его присутствия.',2),(76,13,'Пассивный талант','Ворон, клюющий звёзды','При попадании по Озу полностью заряженной стрелой Фишль, он создаёт грозу, наносящую Электро урон по площади, равный 152,7% от урона стрелы.',0),(77,13,'Пассивный талант','Да будет снято проклятье','Если в присутствии Оза во время атаки ваш персонаж вызывает какую-либо Электро реакцию, на противника нисходит божественная молния, которая наносит Электро урон, равный 80% от силы атаки Фишль.',0),(78,13,'Пассивный талант','Мой тайный сад','Уменьшает длительность экспедиций в Мондштадте на 25%.',0),(79,14,'Атака','Исток','Обычная атака:\nДо пяти быстрых ударов копьём.\n\nЗаряженная атака:\nТратит определённое количество выносливости и наносит восходящий удар.\n\nАтака в падении:\nСтремительно падает на землю, атакуя всех врагов на пути. Приземлившись, наносит урон по площади.',3),(80,14,'Элементальный навык','Превосходство: Зловещее знамение','Сёгун Райдэн приоткрывает своё Царство и наносит окружающим врагам Электро урон, после чего даёт всем окружающим членам отряда Глаз грозового наказания.\n\nГлаз грозового наказания\n·Когда персонажи с этим усилением атакуют и наносят урон противнику, Глаз грозового наказания проводит совместную атаку и наносит на месте врага Электро урон по площади.\n·Глаз грозового наказания увеличивает урон взрыва стихии персонажа в зависимости от стоимости энергии взрыва стихии во время действия Глаза грозового наказания.\n\nГлаз грозового наказания может провести только одну совместную атаку на отряд в течение 0,9 сек.\nСовместные атаки, вызванные персонажами, которых контролируете не вы, наносят 20% от обычного урона.',2),(81,14,'Взрыв стихии','Тайное искусство: Мусо синсэцу','Собрав несметные истины и бесчисленные мечты, сёгун Райдэн проводит атаку Мусо но хитотати и наносит Электро урон по площади, после чего ещё некоторое время использует Мусо иссин в бою. Урон, наносимый атаками Мусо но хитотати и Мусо иссин, увеличивается в зависимости от количества потраченных при активации навыка уровней Решимости Чакры вожделения.\n\nМусо иссин\nВ этом состоянии сёгун Райдэн использует в бою свой меч, а её обычные атаки, заряженные атаки и атаки в падении получают инфузию Электро, которая не может быть отменена какой-либо другой элементальной инфузией. Когда эти атаки попадают по противнику, сёгун Райдэн восстанавливает энергию всем окружающим членам отряда. Энергия может восстановиться таким способом только раз в 1 сек., и этот эффект может быть активирован до 5 раз во время действия навыка.\nВ этом состоянии повышается сопротивление прерыванию сёгуна Райдэн, и она получает иммунитет к урону от реакции Заряжен. Когда Мусо иссин активен, урон обычной атаки, заряженной атаки и атаки в падении будет считаться уроном взрыва стихии.\n\nЭффект навыка Мусо иссин исчезает, когда сёгун Райдэн покидает бой.\n\nЧакра вожделения\nКогда окружающие члены отряда (кроме самого сёгуна Райдэн) используют взрыв стихии, сёгун Райдэн накапливает уровни Решимости пропорционально стоимости энергии этих взрывов стихии.\nРешимость может складываться до 60 раз.\n\nПолученная с помощью Чакры вожделения Решимость сбрасывается через 300 сек. после того, как сёгун Райдэн покидает бой.',1),(82,14,'Пассивный талант','Бесчисленные мечты','Когда окружающие члены отряда получают элементальные сферы или частицы, Чакра вожделения получает 2 уровня Решимости.\nЭтот эффект может возникнуть один раз в 3 сек.',0),(83,14,'Пассивный талант','Просветлённая','Каждый 1% свыше 100% восстановления энергии сёгуна Райдэн даёт ей следующие эффекты:\n·Увеличивает восстановление энергии от Мусо иссин на 0,6%.\n·Увеличивает бонус Электро урона на 0,4%.',0),(84,14,'Пассивный талант','Хранитель всего сущего','При возвышении одноручного и древкового оружия тратится на 50% меньше моры.',0),(85,15,'Атака','Пожирающая грехи кицунэ','Обычная атака:\nСовершает до трёх ударов, призывая духов кицунэ, наносящих Электро урон.\n\nЗаряженная атака:\nКороткое заклинание, наносящее Электро урон по площади, на которое тратится определённое количество выносливости.\n\nАтака в падении:\nНакопив энергию молнии, стремительно падает на землю, атакуя всех врагов на пути. Приземлившись, наносит Электро урон по площади.',3),(86,15,'Элементальный навык','Проклятие якан: Сакура сэссё','Для Яэ хлопотами вроде изгнания духов нет нужды заниматься лично.\nСтремительно передвигается, оставляя за собой Сакуру сэссё.\n\nСакура сэссё\nОбладает следующими свойствами:\n·Периодически бьёт врага поблизости молнией, нанося Электро урон.\n·Наличие других Сакур сэссё поблизости повышает их уровень и наносимый ими урон.\n\nУ навыка 3 заряда.\nНа поле боя может быть до 3 Сакур сэссё. Изначально создаёт Сакуры 1-го уровня, они могут быть улучшены максимум до 3-го уровня. Если создать Сакуру слишком близко к уже существующей, то последняя уничтожится.',1),(87,15,'Взрыв стихии','Великое тайное искусство: Тэнко кэнсин','В Инадзуме существуют легенды о кицунэцуки - людях, в которых вселился дух кицунэ. Из них весьма особенными считаются Небесные кицунэ, которые поражают молниями врагов Великого храма Наруками, нанося Электро урон по площади.\nПри активации этого навыка Яэ Мико высвобождает Сакуры сэссё поблизости, разрушая их внешнюю форму и обращая в молнии Небесной кицунэ, которые наносят Электро урон по площади. Каждая разрушенная таким образом Сакура сэссё даёт одну молнию Небесной кицунэ.',2),(88,15,'Пассивный талант','Божественная тень святилища','Каждая Сакура сэссё, разрушенная навыком Великое тайное искусство: Тэнко кэнсин, сбрасывает откат одного заряда навыка Проклятие якан: Сакура сэссё.',0),(89,15,'Пассивный талант','Просветлённое благословение','Каждая единица мастерства стихий Яэ Мико увеличивает урон Сакуры сэссё на 0,15%.',0),(90,15,'Пассивный талант','Медитация яко','Создание материалов повышения талантов: 25% шанс получить другой доп. материал того же региона и той же редкости, как у исходных.',0),(91,16,'Атака','Теневой меч Синобу','Обычная атака:\nДо четырёх быстрых ударов мечом.\n\nЗаряженная атака:\nТратит определённое количество выносливости на два быстрых взмаха мечом.\n\nАтака в падении:\nСтремительно падает на землю, атакуя всех врагов на пути. Приземлившись, наносит урон по площади.',3),(92,16,'Элементальный навык','Освящающее кольцо','Жертвует частью HP и создаёт Травяное кольцо освящения, нанося Электро урон ближайшим противникам.\n\nТравяное кольцо освящения\nСледует за активным персонажем. Каждые 1,5 сек. наносит Электро урон окружающим противникам и восстанавливает HP активному персонажу в зоне действия. Количество восстановленного HP зависит от макс. HP Куки Синобу.\n\nИспользование навыка не может опустить HP Синобу ниже 20%.',1),(93,16,'Взрыв стихии','Обряд Гёэй Наруками Карияма','Вонзает в землю изгоняющий зло клинок, создавая очищающий барьер, который непрерывно наносит Электро урон, зависящий от макс. HP Синобу.\nЕсли у Синобу осталось не более 50% HP при активации навыка, то барьер продержится дольше.',2),(94,16,'Пассивный талант','Освобождение','Бонус лечения увеличивается на 15%, когда HP Куки Синобу не превышает 50%.',0),(95,16,'Пассивный талант','Спокойствие духа','Характеристики Освящающего кольца улучшаются в зависимости от мастерства стихий Синобу:\n·Лечение увеличивается на 75% от мастерства стихий.\n·Урон увеличивается на 25% от мастерства стихий.',0),(96,16,'Пассивный талант','Затянувшаяся молитва','На 25% увеличивает награду экспедиций в Инадзуме длительностью 20 ч.',0),(97,17,'Атака','Сверкающий дождь','Обычная атака:\nЗапускает в цель самоцветы, которые наносят Гео урон.\nПри попадании самоцветом даёт Нин Гуан один Звёздный нефрит.\n\nЗаряженная атака:\nВыстреливает гигантским самоцветом, наносящим Гео урон, на который тратится определённое количество выносливости.\nЕсли Нин Гуан имеет Звёздный нефрит, то при выполнении заряженной атаки также выстреливает и им, нанося дополнительный урон.\n\nАтака в падении:\nНакопив энергию камня, стремительно падает на землю, атакуя всех врагов на пути. Приземлившись, наносит Гео урон по площади.',1),(98,17,'Элементальный навык','Нефритовая ширма','Нин Гуан создаёт роскошную Нефритовую ширму из обсидиана и золота, нанося при этом Гео урон по площади.\n\nНефритовая ширма:\n·Блокирует вражеские снаряды;\n·Прочность зависит от макс. HP Нин Гуан;\n\nСчитается Гео конструкцией. Ширмой можно воспользоваться для защиты от вражеских атак, но на неё нельзя взобраться. Одновременно может существовать не больше одной Нефритовой ширмы.',3),(99,17,'Взрыв стихии','Осколки звёзд','Собрав большое количество самоцветов, Нин Гуан запускает их во врагов, нанося огромный Гео урон. Самоцветы сами находят свою цель.\nЕсли поблизости находится Нефритовая ширма, то она также запускает дополнительные самоцветы.',2),(100,17,'Пассивный талант','Запасной план','При наличии у Нин Гуан Звёздного нефрита, её заряженная атака не потребляет выносливость.',0),(101,17,'Пассивный талант','Стратегические запасы','Увеличивает бонус Гео урона прошедших сквозь Нефритовую ширму персонажей на 12% в течение 10 сек.',0),(102,17,'Пассивный талант','Рог изобилия','Отмечает на мини-карте ближайшую используемую для ковки руду.',0),(103,18,'Атака','Каменный дождь','Обычная атака:\nДо шести ударов копьём.\n\nЗаряженная атака:\nВыпад, вызывающий дождь из каменных копий, на который тратится определённое количество выносливости.\n\nАтака в падении:\nСтремительно падает на землю, атакуя всех врагов на пути. Приземлившись, наносит урон по площади.',3),(104,18,'Элементальный навык','Власть над камнем','Каждая гора, каждый камень и вся земля пронизаны энергией Гео, но только единицы могут ею управлять.\n\nБыстрое нажатие:\nПриказывает силам земли создать Каменную стелу.\n\nДолгое нажатие:\nЗаставляет окружающую Гео энергию взорваться, что вызывает следующие эффекты:\n·Создаёт Каменную стелу, если не было достигнуто их максимально допустимое количество.\n·Создаёт Яшмовый щит. Поглощение урона щита зависит от макс. HP Чжун Ли.\n·Наносит Гео урон по площади.\n·Если поблизости есть цели с элементом Гео, вытягивает большое количество Гео элемента из максимум 2 таких целей. Этот эффект не наносит урона.\n\nКаменная стела:\nПри создании наносит Гео урон по площади.\nТакже Каменная стела входит в резонанс с окружающими её другими Гео конструкциями, нанося Гео урон окружающим врагам.\nКаменная стела считается Гео конструкцией, на неё можно взобраться или использовать её для блокирования атак.\nПервоначально может существовать только одна Каменная стела, созданная самим Чжун Ли.\n\nЯшмовый щит:\nВесь элементальный и физический урон поглощается на 150% эффективнее.\nПерсонажи, защищённые Яшмовым щитом, будут понижать элементальное и физическое сопротивление врагов в небольшом радиусе на 20%. Этот эффект не может складываться.',1),(105,18,'Взрыв стихии','Падение кометы','Призывает гигантский метеорит, который наносит огромный Гео урон врагам в радиусе поражения, а также накладывает на них статус Окаменение.\n\nОкаменение:\nВраги со статусом Окаменение не могут двигаться.',2),(106,18,'Пассивный талант','Каменная воля','Полученный при активном Яшмовом щите урон накладывает статус Укрепление:\n·Увеличивает прочность щита персонажа, защищённого Яшмовым щитом, на 5%.\n·Может складываться до 5 раз, и длится до тех пор, пока не исчезнет Яшмовый щит.',0),(107,18,'Пассивный талант','Господство земли','Чжун Ли наносит дополнительный урон, который зависит от его макс. HP:\n·Урон обычной атаки, заряженной атаки и атаки в падении увеличен на 1,39% от макс. HP.\n·Урон Каменной стелы навыка Власть над камнем, её резонанса и долгого нажатия увеличен на 1,9% от макс. HP.\n·Урон навыка Падение кометы увеличен на 33% от макс. HP.',0),(108,18,'Пассивный талант','Кристальная судьба','При ковке древкового оружия возвращает 15% затраченной руды.',0),(109,19,'Атака','Фехтовальный стиль Фавония: Мел','Обычная атака:\nДо пяти быстрых ударов мечом.\n\nЗаряженная атака:\nДва быстрых взмаха мечом, для которых тратится определённое количество выносливости.\n\nАтака в падении:\nСтремительно падает на землю, атакуя всех врагов на пути. Приземлившись, наносит урон по площади.',3),(110,19,'Элементальный навык','Абиогенез: Цветок солнца','С помощью алхимии Альбедо создаёт Цветок солнца, который наносит Гео урон по площади.\n\nЦветок солнца имеет следующие свойства:\n·Когда противники в зоне с центром на Цветке солнца получают урон, Цветок солнца генерирует Цветки мимолётности, наносящие Гео урон по площади. Наносимый урон зависит от защиты Альбедо.\n·Цветки мимолётности могут генерироваться не чаще чем раз в 2 сек.\n·Когда персонаж встаёт на Цветок солнца, он испускает энергию Гео, чтобы создать кристаллическую платформу, которая поднимает персонажа на определённую высоту. Одновременно может существовать только одна кристаллическая платформа.\n·Одновременно может существовать только один созданный самим Альбедо Цветок солнца, и он считается Гео конструкцией.\n\nДолгое нажатие позволяет выбрать место эффекта навыка.',1),(111,19,'Взрыв стихии','Ритуал рождения: Тектоническая волна','Альбедо выпускает перед собой Гео кристаллы, которые взрываются и наносят Гео урон по площади.\nЕсли на поле боя существует созданный самим Альбедо Цветок солнца, то в его зоне генерируются 7 Цветков неизбежности, которые мгновенно расцветают и наносят Гео урон по площади.\nУрон от Тектонической волны и Цветков неизбежности не генерирует Цветки мимолётности.',2),(112,19,'Пассивный талант','Превосходство кальцита','Увеличивает урон Цветков мимолётности навыка Абиогенез: Цветок солнца по противникам с HP ниже 50% на 25%.',0),(113,19,'Пассивный талант','Гомункулярная природа','Активация навыка Ритуал рождения: Тектоническая волна увеличивает мастерство стихий ближайших членов отряда на 125 ед. в течение 10 сек.',0),(114,19,'Пассивный талант','Вспышка гениальности','При создании материалов возвышения оружия имеет 10% шанс создать дополнительный предмет.',0),(115,20,'Атака','Оперение терзающего клыка','Обычная атака\nДо четырёх выстрелов из лука.\n\nЗаряженная атака\nБолее меткий прицельный выстрел с увеличенным уроном.\nВо время прицеливания стрела накапливает энергию земли. Полностью заряженная энергией земли стрела наносит Гео урон.\n\nАтака в падении\nВыпускает град стрел, которые при приземлении персонажа наносят урон по площади.',3),(116,20,'Элементальный навык','Всесторонняя защита Инудзаки','Наносит Гео урон по площади и устанавливает Боевой штандарт генерала.\n\nБоевой штандарт генерала\nДаёт усиления активному персонажу в области действия штандарта в зависимости от числа персонажей Гео в отряде:\n·Если в отряде есть один персонаж Гео, даётся эффект Стойкость, увеличивающий защиту.\n·При наличии двух персонажей Гео в отряде действует Крепость: к эффекту Стойкости добавляется сопротивление прерыванию.\n·Три персонажа Гео в отряде дают эффект Ярость: к прошлым эффектам прибавляется бонус Гео урона.\n\nГоро не может установить больше одного своего Боевого штандарта генерала на поле боя одновременно. Персонажи могут одновременно использовать эффекты только одного Боевого штандарта генерала. Эффект области действует в течение 2 сек. после выхода из области.\n\nДолгое нажатие\nИспользуется для выбора места действия навыка.',2),(117,20,'Взрыв стихии','Дзюга: Вперёд к победе','Демонстрируя свой талант полководца, Горо наносит Гео урон по площади и создаёт область Влияния генерала для поддержки соратников.\n\nВлияние генерала\nОбладает следующими свойствами:\n·Даёт те же эффекты, что элементальный навык «Всесторонняя защита Инудзаки», в зависимости от количества Гео персонажей в отряде на момент запуска. Область перемещается вместе с активным персонажем.\n·Каждые 1,5 сек. запускает Кристальный обвал, нанося Гео урон по площади.\n·Каждые 1,5 сек. 1 элементальный осколок, созданный реакцией Кристалл притягивается к активному персонажу.\n\nЕсли при запуске Влияния генерала на поле есть установленный самим Горо Боевой штандарт генерала, штандарт исчезает. Если Горо запускает элементальный навык Всесторонняя защита Инудзаки во время действия Влияния генерала, Боевой штандарт не создаётся.\nСобственный эффект Влияния генерала Горо исчезает, если Горо повержен.',1),(118,20,'Пассивный талант','Бросая вызов стихии','В течение 12 сек. после запуска навыка Дзюга: Вперёд к победе защита всех членов отряда поблизости увеличивается на 25%.',0),(119,20,'Пассивный талант','Ответная услуга','Урон атак Горо увеличивается пропорционально его защите:\n·Урон навыка Всесторонняя защита Инудзаки повышается на 156% защиты.\n·Урон навыка Дзюга: Вперёд к победе и кристального обвала увеличивается на 15,6% защиты.',0),(120,20,'Пассивный талант','Искатель сияния','Отмечает диковины Инадзумы на мини-карте.',0),(121,21,'Атака','Стиль Гухуа','Обычная атака:\nДо пяти быстрых ударов мечом.\n\nЗаряженная атака:\nДва быстрых взмаха мечом, на которые тратится определённое количество выносливости.\n\nАтака в падении:\nСтремительно падает на землю, атакуя всех противников на пути. Приземлившись, наносит урон по площади.',3),(122,21,'Элементальный навык','Гухуа: Завеса дождя','Син Цю выполняет два удара мечом, которые наносят Гидро урон. В то же время, активация навыка создаёт максимальное количество Мечей дождя, которые вращаются вокруг вашего персонажа.\nМечи дождя имеют следующие свойства:\n·Понижают получаемый персонажем урон, но каждая полученная атака уничтожает один меч;\n·Повышают устойчивость к прерыванию атак;\n·20% бонуса Гидро урона Син Цю конвертируются в количество поглощаемого урона.\n\nТаким способом макс. количество поглощаемого урона может быть увеличено до 24%.\nНачальное макс. количество Мечей дождя равно трём.\nАктивация этого навыка накладывает на персонажа статус Мокрый.',2),(123,21,'Взрыв стихии','Гухуа: Радужная стойка','Активирует Радужную стойку и позволяет сражаться с помощью макс. количества Мечей дождя.\n\nРадужная стойка:\n·Обычные атаки вашего персонажа дополняются атаками Мечей дождя, которые наносят Гидро урон;\n·Количество Мечей дождя остаётся постоянным на всё время действия навыка.',1),(124,21,'Пассивный талант','Секрет текущей воды','При уничтожении или окончании действия Мечей дождя, восстанавливает HP активного персонажа на 6% от макс. HP Син Цю.',0),(125,21,'Пассивный талант','Красивый почерк','Увеличивает бонус Гидро урона Син Цю на 20%.',0),(126,21,'Пассивный талант','Всплеск вдохновения','При создании материалов повышения талантов Син Цю имеет 25% шанс восстановить часть использованных материалов.',0),(127,22,'Атака','Дождь расставаний','Обычная атака:\nДо шести выстрелов из лука.\n\nЗаряженная атака:\nБолее меткий прицельный выстрел с увеличенным уроном.\nВо время прицеливания наконечник стрелы заряжается энергией воды. Полностью заряженная водой стрела наносит Гидро урон и накладывает на противника статус Отлив.\n\nОтлив:\nНекоторые атаки Тартальи по противникам со статусом Отлив наносят Гидро урон по площади. Этот урон считается нанесённым обычной атакой.\n·Отлив-вспышка: Полностью заряженный прицельный выстрел по противнику со статусом Отлив наносит последовательный Гидро урон по площади. Возникает раз в 0,7 сек.\n·Отлив-всплеск: Победа над противником со статусом Отлив вызывает Гидро всплеск, который накладывает на окружающих противника врагов статус Отлив.\n\nАтака в падении:\nВыпускает град стрел в воздухе, которые при приземлении персонажа наносят урон по площади.\nТарталья не может провести атаку в падении, находясь в ближней стойке Формы духа: Бушующие волны.',3),(128,22,'Элементальный навык','Форма духа: Бушующие волны','Тарталья обнажает клинки из чистой воды, которые наносят Гидро урон окружающим врагам и активируют ближнюю стойку.\nВ этой стойке обычные и заряженные атаки Тартальи наносят Гидро урон, который не может быть отменён какой-либо элементальной инфузией, и изменяются следующим образом:\n\nОбычная атака:\nДо шести ударов Гидро клинками\n\nЗаряженная атака:\nПерекрёстный удар, который наносит Гидро урон и затрачивает определённое количество выносливости.\n\nОтлив-удар:\nАтаки в ближней стойке по противникам со статусом Отлив вызывают Отлив-удар, который наносит Гидро урон по площади. Этот урон считается уроном элементального навыка. Отлив-удар срабатывает не чаще чем один раз в 1,5 сек.\n\nТарталья возвращается в дальнюю стойку по истечении 30 сек. или при повторной активации навыка, а сам навык уходит в откат. Чем дольше Тарталья был в ближней стойке, тем дольше будет время отката навыка.\nВремя отката увеличивается, если возврат в дальнюю стойку произошёл по истечении 30 сек.',1),(129,22,'Взрыв стихии','Хаос: Опустошение','Совершаемая атака определяется стойкой, в которой находится Тарталья.\n\nДальняя стойка - Вспышка хаоса:\nТарталья выпускает заряженную водной стихией стрелу, которая наносит Гидро урон по площади и накладывает на врагов статус Отлив.\nПосле активации навык восстанавливает часть энергии.\n\nБлижняя стойка - Свет погибели:\nТарталья выполняет круговую атаку, которая наносит большой Гидро урон окружающим врагам и накладывает на них статус Отлив-взрыв.\n\nОтлив-взрыв:\nАтака Свет погибели, попавшая по врагам со статусом Отлив, снимает с них этот статус, вызывая при этом Гидро взрывы, которые наносят Гидро урон по площади. Урон Отлив-взрыв считается элементальным уроном.',2),(130,22,'Пассивный талант','Не кончается пытка','Увеличивает длительность статуса Отлив на 8 сек.',0),(131,22,'Пассивный талант','Водяной меч','Находясь в рукопашной стойке навыка Форма духа: Бушующие волны и при крит. попадании обычной или заряженной атакой противник получает статус Отлив.',0),(132,22,'Пассивный талант','Мастерское владение оружием','Увеличивает уровень обычной атаки персонажей вашего отряда на 1.',0),(133,23,'Атака','Форма воды','Обычная атака:\nЗапускает до трёх иллюзорных рыбок, которые наносят Гидро урон.\n\nЗаряженная атака:\nПосле прочтения краткого заклинания, на которое тратится определённое количество выносливости, наносит Гидро урон по площади.\n\nАтака в падении:\nНакопив энергию воды, стремительно падает на землю, атакуя всех врагов на пути. Приземлившись, наносит Гидро урон по площади.',3),(134,23,'Элементальный навык','Клятва курагэ','Призывает созданного из воды Бакэ-курагэ, который может лечить союзников.\nИспользование этого навыка накладывает на Сангономию Кокоми статус Мокрый.\n\nБакэ-курагэ\nНаносит Гидро урон окружающим противникам и периодически лечит активных персонажей поблизости. Объём лечения зависит от макс. HP Сангономии Кокоми.',2),(135,23,'Взрыв стихии','Вознесение нереиды','Сила Ватацуми нисходит на поле боя, наносит Гидро урон окружающим противникам и облачает Кокоми в Церемониальное одеяние, сотканное из текущих вод Сангономии.\n\nЦеремониальное одеяние\n·Урон обычной атаки, заряженной атаки и Бакэ-курагэ элементального навыка Сангономии Кокоми увеличивается пропорционально её макс. HP.\n·При попадании обычной или заряженной атакой Кокоми восстанавливает HP всем окружающим членам отряда. Количество восстановленного HP пропорционально макс. HP Кокоми.\n·Повышает сопротивление прерыванию Сангономии Кокоми и позволяет ей двигаться по водной поверхности.\n\nЭффекты пропадают, когда Сангономия Кокоми покидает бой.',1),(136,23,'Пассивный талант','Шкатулка таманои','Активация навыка Вознесение нереиды в то время, когда на поле боя есть собственный Бакэ-курагэ Сангономии Кокоми, обновляет длительность этого Бакэ-курагэ.',0),(137,23,'Пассивный талант','Песнь о жемчуге','Когда Сангономия Кокоми облачена в Церемониальное одеяние навыка Вознесение нереиды, бонус урона обычной и заряженной атаки, пропорциональный макс. HP Сангономии Кокоми, увеличивается ещё на 15% от её бонуса лечения.',0),(138,23,'Пассивный талант','Принцесса Ватацуми','Уменьшает потребление выносливости собственных персонажей во время плавания на 20%.\nНе суммируется с пассивными талантами, дающими точно такие же эффекты.',0),(139,23,'Пассивный талант','Безупречная стратегия','Увеличивает бонус лечения Сангономии Кокоми на 25%, но понижает её шанс крит. попадания на 100%.',0),(140,24,'Атака','Приглашение на одиночный танец','Обычная атака:\nВыполняет до четырёх последовательных ударов.\n\nЗаряженная атака:\nТратит определённое количество выносливости и начинает одиночный танец, который наносит физ. урон противникам поблизости и меняет вид архэ. Если на поле боя есть участники салона или Певец Потоков, вызванные её элементальным навыком Салон одиноких сердец, то они сменяются на другой тип гостей.\n\nАрхэ: Священные и мирские места\nС некоторым интервалом, когда обычная атака Фурины попадает по противнику, на его месте, в зависимости от вида архэ Фурины, появляется Игла дыхания душ или Клинок бурных вод, которые наносят соответственно Гидро урон пневмы или усии.\nКогда Фурина выходит на поле боя, у неё архэ усии.\n\nАтака в падении:\nСтремительно падает на землю, атакуя всех врагов на пути. Приземлившись, наносит урон по площади.',3),(141,24,'Элементальный навык','Салон одиноких сердец','Приглашает гостей «Салона одиноких сердец» поучаствовать в выступлении Фурины. Призывает либо участников салона, либо Певца Потоков в зависимости от текущего типа архэ Фурины.\n\nУсия\nКружащиеся в вихре танца пузырьки наносят Гидро урон по площади пропорционально макс. HP Фурины и призывают трёх участников салона: Месье Уше в образе шаровидного осьминога, Управляющую Шевальмарин в образе конька-пузырька и Мадемуазель Крабалетту в образе бронекраба.\nОни атакуют ближайших противников через определенные промежутки времени с приоритетом на цель активного персонажа, нанося Гидро урон пропорционально макс. HP.\nЕсли поблизости есть персонажи с уровнем HP выше 50%, участники салона при атаке используют HP этих персонажей, чтобы увеличить свою силу атаки в зависимости от количества персонажей, «одолживших» HP. Если персонажей - доноров HP 1/2/3/4 (или более), наносимый участниками салона урон составляет 110%/120%/130%/140% от их изначального урона.\n\nПневма\nВызывает Певца Потоков, который с определенными интервалами исцеляет ближайших активных персонажей пропорционально макс. HP.\n\nУчастники салона и Певец Потоков имеют общую длительность. Когда Фурина использует заряженную атаку, чтобы изменить тип гостей, новые гости наследуют длительность предыдущих.\nВо время существования участников салона или Певца Потока Фурина может передвигаться по воде.',1),(142,24,'Взрыв стихии','Да возрадуются люди','Пробуждается импульс к веселью, который создаёт сцену из пены и наносит Гидро урон по площади пропорционально макс. HP Фурины и переводит членов отряда поблизости в состояние Всемирного веселья: во время действия состояния, когда у персонажей поблизости увеличивается или уменьшается текущее HP, Фурина получает 1 ед. фанфар за каждый 1% изменения HP персонажа в процентах от его макс. HP.\nВ то же время увеличивается наносимый урон и бонус получаемого лечения всех окружающих членов отряда в зависимости от количества фанфар.\nКогда время действия истекает, фанфары Фурины сбрасываются.',2),(143,24,'Пассивный талант','Бесконечный вальс','Когда активный персонаж в отряде получает лечение с избытком и его источник не сама Фурина, Фурина в течение 4 сек. каждые 2 сек. восстанавливает HP члену отряда поблизости в количестве 2% от его макс. HP.',0),(144,24,'Пассивный талант','Неуслышанное признание','Каждые 1000 ед. макс. HP усиливают Салон одиноких сердец Фурины противоположного архэ следующим образом:\nУрон, наносимый участниками салона, увеличивается на 0,7%, макс. 28%.\nИнтервал, с которым Певец Потоков лечит активного персонажа поблизости понижается на 0,4%. Интервал этим способом можно понизить макс. на 16%.',0),(145,24,'Пассивный талант','Море - моя сцена','Время отката способностей ксенохромных инородов Фонтмера снижается на 30%.',0),(146,25,'Атака','Счастливый меч','Обычная атака:\nДо пяти быстрых ударов мечом.\n\nЗаряженная атака:\nДва быстрых взмаха мечом, для которых тратится определённое количество выносливости.\n\nАтака в падении:\nСтремительно падает на землю, атакуя всех врагов на пути. Приземлившись, наносит урон по площади.',3),(147,25,'Элементальный навык','Чрезмерные стремления','Беннет концентрирует на своём клинке весь свой пыл и страсть к приключениям.\nРезультат зависит от уровня его пылающей страсти...\n\nБыстрое нажатие:\nБыстрый взмах пылающим мечом, наносящий Пиро урон.\n\nДолгое нажатие:\nЭффект зависит от уровня заряда навыка.\n·Уровень заряда 1: Совершает два удара пылающим мечом, которые наносят Пиро урон и подбрасывают врагов в воздух;\n·Уровень заряда 2: Совершает три удара пылающим мечом, которые наносят внушительный Пиро урон. Последний удар создаёт взрыв, который одновременно подбрасывает в воздух врагов и самого Беннета.\nБеннет не получает урон от взрыва.',2),(148,25,'Взрыв стихии','Волнительное приключение','Беннет проводит атаку в прыжке, которая наносит Пиро урон и создаёт Круг вдохновения.\n\nКруг вдохновения:\n·Восстанавливает персонажам в области, HP которых равно или ниже 70%, определённое количество HP, которое зависит от макс. HP Беннета;\n·Если HP персонажа в области выше 70%, то он получает бонус атаки, который зависит от базовой атаки Беннета;\n·Накладывает на персонажей в области эффект Пиро.',1),(149,25,'Пассивный талант','Вспышка страсти','Уменьшает время отката навыка Чрезмерные стремления на 20%.',0),(150,25,'Пассивный талант','Храбрая кровь','Находясь в области навыка Волнительное приключение, навык Чрезмерные стремления получает следующие свойства:\n·Уменьшается время отката навыка на 50%;\n·Уровень заряда 2 не подбрасывает Беннета в воздух.',0),(151,25,'Пассивный талант','Ступайте осторожно','Уменьшает длительность экспедиций в Мондштадте на 25%.',0),(152,26,'Атака','Скрытое копьё «Ваншэн»','Обычная атака:\nДо шести ударов копьём.\n\nЗаряженная атака:\nВыпад, наносящий урон противникам на пути, на который тратится определённое количество выносливости.\n\nАтака в падении:\nСтремительно падает на землю, атакуя всех врагов на пути. Приземлившись, наносит урон по площади.',1),(153,26,'Элементальный навык','Путеводитель по загробной жизни','Лишь непоколебимое пламя может очистить этот мир.\nХу Тао потребляет определённое количество HP, откидывает окружающих её противников и входит в состояние Танец бабочки.\n\nТанец бабочки:\n·Сила атаки Ху Тао в этом состоянии увеличивается в зависимости от её макс. HP. Полученный таким образом бонус силы атаки не может превышать 400% от базовой силы атаки Ху Тао.\n·Конвертирует урон от атак в Пиро урон, этот эффект не может быть отменён какой-либо элементальной инфузией.\n·Заряженные атаки накладывают на врагов эффект Кровавого цветка.\n·Повышает сопротивление Ху Тао к прерыванию.\n\nКровавый цветок:\nПротивники с эффектом Кровавого цветка будут получать Пиро урон каждые 4 сек., который считается уроном элементального навыка.\nКаждый противник может иметь только один эффект Кровавого цветка, и его длительность может быть обновлена только самой Ху Тао.\n\nТанец бабочки заканчивается, если истёк срок действия, Ху Тао покинула поле боя или повержена.',2),(154,26,'Взрыв стихии','Упокоение духов','Приказывает пылающему духу атаковать, нанося Пиро урон по большой площади.\nПри попадании по врагу восстанавливает некоторый процент макс. HP Ху Тао. Этот эффект может активироваться до 5 раз, в зависимости от количества задетых противников.\nЕсли HP Ху Тао равно или ниже 50% в момент попадания по противнику, наносимый урон и количество восстановленного HP увеличиваются.',3),(155,26,'Пассивный талант','Порхай как бабочка','После окончания состояния Танец бабочки навыка Путеводитель по загробной жизни шанс крит. попадания всех членов отряда (кроме самой Ху Тао) увеличивается на 12% в течение 8 сек.',0),(156,26,'Пассивный талант','Кровавая сангина','Увеличивает бонус Пиро урона Ху Тао на 33%, когда её HP меньше или равно 50%.',0),(157,26,'Пассивный талант','Чем больше, тем лучше','При приготовлении идеального блюда имеет 18% шанс приготовить дополнительное «странное» блюдо того же типа.',0),(158,27,'Атака','Вспышка фейерверка','Обычная атака:\nДо пяти выстрелов из лука.\n\nЗаряженная атака:\nБолее меткий прицельный выстрел с увеличенным уроном.\nВо время прицеливания на наконечнике стрелы накапливается пламя. Эффект зависит от длительности заряда стрелы:\n·Уровень заряда 1: Выпускает огненную стрелу, наносящую Пиро урон.\n·Уровень заряда 2: В зависимости от длительности заряда выпускает до 3 Зажигательных стрел. Зажигательные стрелы самостоятельно находят ближайшую цель и при попадании наносят Пиро урон.\n\nАтака в падении:\nВыпускает град стрел, которые при приземлении персонажа наносят урон по площади.',1),(159,27,'Элементальный навык','Огненный танец Ниваби','Ёимия взмахивает ниваби и окружает себя кольцом горящей селитры.\n\nНиваби энсё\nПока навык активен, стрелы, выпущенные обычной атакой Ёимии, становятся Зажигательными стрелами, а их урон увеличивается и конвертируется в Пиро урон. Однако второй уровень заряда обычной атаки Вспышка фейерверка не будет генерировать Зажигательные стрелы.\n\nЭтот эффект перестаёт действовать, когда Ёимия покидает бой.',2),(160,27,'Взрыв стихии','Камнеломка Рюкин','Ёимия взмывает в воздух со своим изобретением, Камнеломкой Рюкин, которая запускает пылающие ракеты, полные сюрпризов, и наносит Пиро урон по площади, помечая одного из поражённых противников Золотым сиянием.\n\nЗолотое сияние\nОбычные атаки, заряженные атаки, атаки в падении, элементальные навыки и взрывы стихии любого члена отряда, кроме Ёимии, поражающие помеченного Золотым сиянием врага, вызывают взрывы, которые наносят Пиро урон по площади.\nЕсли противник, помеченный Золотым сиянием, погибает во время действия навыка, эффект и его оставшаяся длительность передаются другому ближайшему противнику.\n\nКаждые 2 сек. может возникнуть только один взрыв Золотого сияния. Если Ёимия погибает в бою, эффекты Золотого сияния, вызванные её навыком, перестанут действовать.',3),(161,27,'Пассивный талант','Трюки нарушителя порядка','Во время действия навыка Огненный танец Ниваби попадания обычной атакой Ёимии будут увеличивать её бонус Пиро урона на 2%. Этот эффект длится 3 сек. и может складываться до 10 раз.',0),(162,27,'Пассивный талант','Летняя заря','Использование навыка Камнеломка Рюкин увеличивает силу атаки ближайших членов отряда (кроме Ёимии) на 10% в течение 15 сек. Имеющиеся на момент активирования навыка Камнеломка Рюкин уровни складывания «Трюков нарушителя порядка» Ёимии дополнительно повышают бонус силы атаки. Каждый уровень повышает бонус силы атаки на 1%.',0),(163,27,'Пассивный талант','Горящая спичка','При создании элементов декора типа «отделка», «украшение» и «пейзаж» имеет 100% шанс восстановить часть использованных материалов.',0),(164,28,'Атака','Форсирование карты с подменой','Обычная атака\nПроизводит до четырёх последовательных выстрелов из лука.\n\nАтака в падении\nВыпускает град стрел, которые при приземлении персонажа наносят урон по площади.\n\nЗаряженная атака\nБолее меткий прицельный выстрел с увеличенным уроном.\nВо время прицеливания на наконечнике стрелы собирается сила пламени. Эффект зависит от длительности заряда стрелы:\n·Уровень заряда 1: выпускает стрелу, наполненную силой Пиро, которая наносит Пиро урон.\n·Уровень заряда 2: выпускает стрелу-реквизит, которая наносит Пиро урон и при попадании вызывает Хохочущего котошляпа.\nЕсли во время выстрела стрелой-реквизитом у Лини более 60% HP, он жертвует частью HP и получит 1 уровень Избыточного реквизита. Эффект может складываться до 5 раз и пропадает через 30 сек. после того, как Лини покинет бой.\nПри использовании этого способа HP Лини не может опуститься ниже 60% от его макс. HP.\n\nХохочущий котошляп\n·Дразнит врагов, отвлекая их атаки на себя. Котошляп может дразнить каждого из врагов один раз в 5 сек.\n·Прочность шляпы зависит от макс. HP Лини.\n·Если его уничтожают, либо если его время заканчивается, он выстреливает в 1 противника поблизости Пиротехническим снарядом, который наносит Пиро урон.\nОдновременно может существовать только 1 котошляп.\n\nАрхэ: Пневма\nС некоторым интервалом, на месте попадания стрелы-реквизита нисходит Игла дыхания душ, наносящая Пиро урон пневмы.',1),(165,28,'Элементальный навык','Ошеломляющие огни','Лини взмахивает шляпой, запуская сюрприз-фейерверк.\nПри активации снимаются все текущие уровни Избыточного реквизита и врагам впереди наносится Пиро урон по площади. В зависимости от количества снятых уровней эффекта урон увеличивается. Кроме того, HP Лини восстанавливается в зависимости от его макс. HP.\n\nЕсли на поле боя существует Хохочущий котошляп, созданный Лини, фейерверк заставит его взорваться и нанести Пиро урон по площади, пропорциональный урону Пиротехнического снаряда.\nУрон от взрыва шляпы, наносимый таким образом, считается уроном заряженной атаки.',2),(166,28,'Взрыв стихии','Великий фокус: Парад чудес','Лини по волшебству превращается в проворного Хохочущего шляпокота.\n(Не путать с Хохочущим котошляпом. Это другой реквизит!)\nПриблизившись к врагам, Хохочущий шляпокот низвергает на врагов пламя. Каждый из них получает Пиро урон не более 1 раза. После истечения времени действия Лини отбрасывает личину Хохочущего шляпокота и запускает великолепный фейерверк, наносит Пиро урон по площади, призывает 1 Хохочущего котошляпа и получает 1 уровень Избыточного реквизита.\n\nДействие Хохочущего шляпокота может быть прекращено произвольно.',3),(167,28,'Пассивный талант','Опасное выступление','Если выпущенная стрела-реквизит расходует HP Лини, призываемый ею Хохочущий котошляп, поразив цель, восстанавливает 3 ед. энергии Лини и увеличивает урон на 80% от силы атаки.',0),(168,28,'Пассивный талант','Заключительные овации','Увеличивает урон Лини против врагов, находящихся под действием Пиро, а также предоставляет следующие усиления:\n·Увеличивает наносимый урон на 60%.\n·Каждый член отряда, чей элементальный тип - Пиро (за исключением самого Лини) увеличивает урон ещё на 20%.\nПовысить урон Лини против врагов под воздействием Пиро таким образом можно не более чем на 100%.',0),(169,28,'Пассивный талант','Тривиальные наблюдения','Отмечает диковинки Фонтейна на мини-карте.',0);
/*!40000 ALTER TABLE `talent` ENABLE KEYS */;
UNLOCK TABLES;

--
-- Table structure for table `weapon`
--

DROP TABLE IF EXISTS `weapon`;
/*!40101 SET @saved_cs_client     = @@character_set_client */;
/*!50503 SET character_set_client = utf8mb4 */;
CREATE TABLE `weapon` (
  `id_weapon` int NOT NULL AUTO_INCREMENT,
  `image_weapon` text NOT NULL,
  `name_weapon` varchar(60) NOT NULL,
  `type_weapon` varchar(40) NOT NULL,
  `rarity_weapon` int NOT NULL,
  `basic_attack` int NOT NULL,
  `additional_stat` varchar(60) NOT NULL,
  `passive_effect` text NOT NULL,
  PRIMARY KEY (`id_weapon`),
  UNIQUE KEY `id_weapon_UNIQUE` (`id_weapon`),
  UNIQUE KEY `name_weapon_UNIQUE` (`name_weapon`),
  UNIQUE KEY `image_weapon_UNIQUE` (`image_weapon`(255))
) ENGINE=InnoDB AUTO_INCREMENT=171 DEFAULT CHARSET=utf8mb4 COLLATE=utf8mb4_0900_ai_ci;
/*!40101 SET character_set_client = @saved_cs_client */;

--
-- Dumping data for table `weapon`
--

LOCK TABLES `weapon` WRITE;
/*!40000 ALTER TABLE `weapon` DISABLE KEYS */;
INSERT INTO `weapon` VALUES (1,'Меч небесного всадника.png','Меч небесного всадника','Меч',3,357,'Восстановление энергии','Активация взрыва стихии увеличивает силу атаки и скорость передвижения на 12/15/18/21/24% в течение 15 сек.'),(2,'Филейный нож.png','Филейный нож','Меч',3,403,'Процент от силы атаки','При попадании с 50% вероятностью наносит 240/280/320/360/400% урона одной цели. Может возникнуть раз в 15/14/13/12/11 сек.'),(3,'Меч путешественника.png','Меч путешественника','Меч',3,449,'Процент от защиты','Подобранные элементальные сферы и частицы восстанавливают 1/1.25/1.5/1.75/2% HP.'),(4,'Предвестник зари.png','Предвестник зари','Меч',3,403,'Критический урон','Увеличивает шанс крит. попадания на 14/17.5/21/24.5/28% при HP выше 90%.'),(5,'Тёмный железный меч.png','Тёмный железный меч','Меч',3,403,'Мастерство стихий','Увеличивает силу атаки на 20/25/30/35/40% в течение 12 сек при нанесении статусов Перегрузка, Сверхпроводник, Заряжен или Электро Рассеивание.'),(6,'Холодное лезвие.png','Холодное лезвие','Меч',3,403,'Процент от силы атаки','Увеличивает урон против врагов, находящихся под Гидро и Крио эффектом на 12/15/18/21/24%.'),(7,'Черногорский длинный меч.png','Черногорский длинный меч','Меч',4,567,'Критический урон','Побеждённые противники увеличивают силу атаки на 12/15/18/21/24%. Длится 30 сек. Эффект может складываться до 3 раз. Длительность добавочных эффектов друг от друга не зависит.'),(8,'Меч аристократов.png','Меч аристократов','Меч',4,506,'Процент от силы атаки','При нанесении урона противнику повышает шанс крит. попадания на 8/10/12/14/16%. Эффект может складываться до 5 раз. Добавочный шанс крит. попадания исчезает с первым крит. попаданием.'),(9,'Меч Фавония.png','Меч Фавония','Меч',4,454,'Восстановление энергии','Критические атаки имеют 60/70/80/90/100% шанс создать элементальные частицы, которые восстанавливают 6 ед. энергии. Возникает раз в 12/10.5/9/7.5/6 сек.'),(10,'Чёрный меч.png','Чёрный меч','Меч',4,506,'Шанс критического попадания','Увеличивает урон обычной и заряженной атаки на 20/25/30/35/40%. Крит. попадания обычной и заряженной атакой восстанавливают HP, равное 60/70/80/90/100% от силы атаки. Может возникнуть раз в 5 сек.'),(11,'Меч-флейта.png','Меч-флейта','Меч',4,506,'Процент от силы атаки','Попадания обычной или заряженной атакой дают музыкальную ноту. При накоплении 5 нот активируется сила музыки, которая наносит 100/125/150/175/200% урона окружающим врагам. Ноты исчезают через 30 сек. Новую ноту можно получить раз в 0.5 сек.'),(12,'Церемониальный меч.png','Церемониальный меч','Меч',4,454,'Восстановление энергии','Попадания Элементальным навыком могут с 40/50/60/70/80% вероятностью моментально восстановить собственный откат. Может возникнуть раз в 30/26/22/19/16 сек.'),(13,'Прототип Злоба.png','Прототип: Злоба','Меч',4,567,'Бонус физического урона','Попадания обычной или заряженной атакой увеличивают силу атаки и защиту на 4/5/6/7/8% в течение 6 сек. Эффект может складываться до 4 раз и возникает раз в 0.3 сек.'),(14,'Драконий рык.png','Драконий рык','Меч',4,506,'Процент от силы атаки','Увеличивает на 20/24/28/32/36% урон против врагов, находящихся под действием Пиро или Электро элементов.'),(15,'Стальное жало.png','Стальное жало','Меч',4,506,'Мастерство стихий','Нанесённый элементальный урон увеличивает весь наносимый урон на 6/7.5/9/10.5/12% на 6 сек. Может складываться до 2 раз. Может возникнуть раз в 1 сек.'),(16,'Меч нисхождения.png','Меч нисхождения','Меч',4,442,'Процент от силы атаки','Попадания обычной или заряженной атакой имеют 50% шанс нанести 200% урона в небольшом радиусе. Может возникнуть раз в 10 сек. Увеличивает силу атаки Путешественника, экипированного Мечом нисхождения, на 66 ед.'),(17,'Осквернённое желание.png','Осквернённое желание','Меч',4,506,'Восстановление энергии','Увеличивает урон элементального навыка на 16/20/24/28/32%, и его шанс крит. попадания - на 6/7.5/9/10.5/12%.'),(18,'Вспышка во тьме.png','Вспышка во тьме','Меч',4,619,'Мастерство стихий','Увеличивает урон персонажа на 12/15/18/21/24%. После получения урона эффект пропадает на 5 сек.'),(19,'Амэнома Кагэути.png','Амэнома Кагэути','Меч',4,454,'Процент от силы атаки','После применения элементального навыка получает 1 семя наследия. Эффект может возникнуть 1 раз каждые 5 сек. Семя наследия действует в течение 30 сек. Одновременно может существовать до 3 семян наследия. После использования взрыва стихии все семена наследия расходуются, и через 2 сек. персонаж восстанавливает 6 единиц элементальной энергии за каждое расходуемое семя.'),(20,'Киноварное веретено.png','Киноварное веретено','Меч',4,454,'Процент от защиты','Урон элементального навыка повышается на 40%/50%/60%/70%/80% от защиты. Эффект возникает раз в 1,5 сек. и исчезает через 0,1 сек. после нанесения урона врагу элементальным навыком.'),(21,'Кагоцурубэ Иссин.png','Кагоцурубэ Иссин','Меч',4,510,'Процент от силы атаки','Попадания обычной атакой, заряженной атакой или атакой в падении поднимают Секущий ветер, который наносит урон по площади, равный 180% от силы атаки, а также повышает силу атаки на 15% на 8 сек. Этот эффект может возникнуть раз в 8 сек.'),(22,'Деревянный клинок.png','Деревянный клинок','Меч',4,565,'Восстановление энергии','Активация статусов Горение, Стимуляция, Обострение, Разрастание, Бутонизация, Вегетация и Цветение создают рядом с персонажем Семя сознания, которое существует 10 сек. Мастерство стихий подобравшего его персонажа повышается на 60/75/90/105/120 ед. на 12 сек. Семя сознания может возникнуть раз в 20 сек. Этот эффект срабатывает, даже если экипированный персонаж не на поле боя. Эффект Семени сознания не суммируется.'),(23,'Лунное сияние ксифоса.png','Лунное сияние ксифоса','Меч',4,510,'Мастерство стихий','Каждые 10 сек. срабатывает следующий эффект: восстановление энергии экипированного этим оружием персонажа увеличивается на 0,036%/0,045%/0,054%/0,063%/0,072% за каждую единицу собственного мастерства стихий на 12 сек. Члены отряда поблизости получают 30% этого эффекта. Если этим оружием обладают и другие члены отряда, эффект суммируется. Этот эффект срабатывает, даже если экипированный персонаж не на поле боя.'),(24,'Токабо сигурэ.png','Токабо сигурэ','Меч',4,510,'Мастерство стихий','При попадании по противникам на одного из них на 10 сек. накладывается Проклятый зонт. Этот эффект может возникнуть один раз в 15 сек. Если поражённый Проклятым зонтом противник погибнет до его окончания, время отката эффекта немедленно обновится. Урон, который наносит экипированный этим оружием персонаж противникам, поражённым Проклятым зонтом, увеличивается на 16%/20%/24%/28%/32%.'),(25,'Перевозчик Флёв Сандр.png','Перевозчик Флёв Сандр','Меч',4,510,'Восстановление энергии','Увеличивает шанс крит. попадания элементального навыка на 8%/10%/12%/14%/16%. Кроме того, после применения элементального навыка восстановление энергии повышается на 16%/20%/24%/28%/32% на 5 сек.'),(26,'Грандиозный финал глубин.png','Грандиозный финал глубин','Меч',4,565,'Процент от силы атаки','Активация элементального навыка повышает силу атаки на 12%/15%/18%/21%/24% на 15 сек. и накладывает Долг жизни, равный 25% от макс. HP. Эффект может возникнуть один раз в 10 сек. Когда Долг жизни снимается, сила атаки повышается на 2,4%/3%/3,6%/4,2%/4,8% от отданного значения Долга жизни (макс. 150/187,5/225/262,5/300 ед.) на 15 сек.'),(27,'Волчий клык.png','Волчий клык','Меч',4,510,'Шанс критического попадания','Увеличивает урон элементального навыка и взрыва стихии на 16%/20%/24%/28%/32%. Когда элементальный навык попадает по врагу, его шанс крит. попадания увеличивается на 2%/2,5%/3%/3,5%/4%. Когда взрыв стихии попадает по врагу, его шанс крит. попадания увеличивается на 2%/2,5%/3%/3,5%/4%. Эти эффекты действуют независимо друг от друга. Каждый из эффектов длится 10 сек., складывается до 4 раз и может возникнуть один раз в 0,1 сек.'),(28,'Верфь.png','Верфь','Меч',4,510,'Процент от HP','Когда экипированный персонаж лечит или получает лечение, он на 30 сек. наделяется Символом стойкости. Всего можно получить до 3 Символов. При активации элементального навыка или взрыва стихии все Символы расходуются и на 10 сек. создаётся эффект Воодушевления: за каждый израсходованный Символ мастерство стихий повышается на 40/50/60/70/80 ед., а через 2 сек. после активации эффекта каждый израсходованный Символ восстанавливает 2/2,5/3/3,5/4 ед. энергии. Эффект Воодушевления может возникнуть один раз в 15 сек. Персонаж получает Символы стойкости, даже если он не на поле боя.'),(29,'Меч Нарциссенкрейца.png','Меч Нарциссенкрейца','Меч',4,510,'Процент от силы атаки','Если у экипированного персонажа нет архэ, при попадании обычной атакой, заряженной атакой или атакой в падении происходит энергетический взрыв пневмы или усии, который наносит урон в 160%/200%/240%/280%/320% силы атаки. Эффект может возникнуть один раз в 12 сек. Тип энергетического взрыва зависит от текущего типа Меча Нарциссенкрейца.'),(30,'Драгоценный омут.png','Драгоценный омут','Меч',5,542,'Шанс критического попадания','Увеличивает HP на 20%/25%/30%/35%/40%. Также даёт бонус атаки, равный 1,2%/1,5%/1,8%/2,1%/2,4% от макс. HP экипированного этим оружием персонажа.'),(31,'Кромсатель пиков.png','Кромсатель пиков','Меч',5,608,'Процент от силы атаки','Увеличивает прочность щита на 20%/25%/30%/35%/40%. При попадании увеличивает силу атаки на 4%/5%/6%/7%/8% в течение 8 сек. Эффект может складываться до 5 раз и возникнуть раз в 0,3 сек. Кроме того, под защитой щита бонус силы атаки данного эффекта увеличивается на 100%.'),(32,'Небесный меч.png','Небесный меч','Меч',5,608,'Восстановление энергии','Увеличивает шанс крит. попадания на 4%/5%/6%/7%/8%. Взрыв стихии пробуждает силу небес, которая увеличивает скорость передвижения и атаки на 10%/10%/10%/10%/10%, а обычные и заряженные атаки при попадании наносят дополнительный урон, равный 20%/25%/30%/35%/40% от силы атаки. Все эффекты длятся 12 сек.'),(33,'Меч Сокола.png','Меч Сокола','Меч',5,674,'Бонус физического урона','Увеличивает силу атаки на 20%/25%/30%/35%/40%. При получении урона пробуждается душа Сокола Запада, несущего знамя сопротивления. Восстанавливает HP, равное 100%/115%/130%/145%/160% от силы атаки, и наносит 200%/230%/260%/290%/320% урона окружающим врагам. Может возникнуть раз в 15 сек.'),(34,'Клятва свободы.png','Клятва свободы','Меч',5,608,'Мастерство стихий','Часть Тысячелетней симфонии, что блуждает среди ветров. Увеличивает наносимый урон на 10%/12,5%/15%/17,5%/20%. Вызов элементальной реакции даёт персонажу один Талисман воодушевления. Он может возникнуть раз в 0,5 сек., даже когда персонаж в отряде, но не активен. Два собранных Талисмана воодушевления пропадают, на 12 сек. наделяя ближайших членов отряда эффектом «Тысячелетняя симфония: Гимн восстания», который увеличивает урон, наносимый обычной атакой, заряженной атакой и атакой в падении, на 16%/20%/24%/28%/32%, а силу атаки - на 20%/25%/30%/35%/40%. В течение 20 сек. после активации эффекта Талисманы воодушевления появляться не будут. Тысячелетняя симфония с эффектами, влияющими на те же навыки, не складывается.'),(35,'Рассекающий туман.png','Рассекающий туман','Меч',5,674,'Критический урон','Все типы элементального урона получают 12%/15%/18%/21%/24% бонуса урона, а также силу Эмблемы рассекателя тумана. На 1 уровне эмблемы персонаж получает 8%/10%/12%/14%/16% бонуса к элементальному урону своей стихии, на 2 уровне эмблемы 16%/20%/24%/28%/32%, на 3 уровне эмблемы 28%/35%/42%/49%/56%. Персонаж получает 1 уровень Эмблемы рассекателя тумана в каждом из следующих случаев: при нанесении элементального урона обычной атакой, эмблема действует 5 сек.; при применении взрыва стихии, эмблема действует 10 сек.; когда элементальная энергия персонажа ниже 100%, полученная таким образом эмблема действует до тех пор, пока персонаж не восстановит всю свою элементальную энергию. Продолжительность действия каждой эмблемы рассчитывается индивидуально.'),(36,'Харан гэппаку фуцу.png','Харан гэппаку фуцу','Меч',5,608,'Шанс критического попадания','Даёт 12%/15%/18%/21%/24% бонус урона всеми элементами. Когда другие члены отряда поблизости активируют элементальные навыки, экипированный этим оружием персонаж получает 1 уровень Волны-шипа. Эффект возникает не чаще, чем один раз в 0,3 сек. Всего можно получить не более 2 уровней. Когда персонаж с этим оружием применяет элементальный навык, все уровни Волны-шипа тратятся, и он получает Хаос волн, который повышает урон обычной атаки согласно количеству уровней. Каждый уровень этого эффекта повышает урон обычной атаки на 20%/25%/30%/35%/40% в течение 8 сек.'),(37,'Ключ Хадж-нисут.png','Ключ Хадж-нисут','Меч',5,542,'Процент от HP','Увеличивает НР на 20%/25%/30%/35%/40%. Попадание элементальным навыком на 20 сек. создаёт Великое сказание, которое повышает мастерство стихий экипированного этим оружием персонажа на 0,12%/0,15%/0,18%/0,21%/0,24% от его макс. HP. Эффект может возникнуть не чаще 1 раза в 0,3 сек. и складывается до 3 раз. После получения 3 уровней или обновления длительности 3 уровня мастерство стихий всех персонажей поблизости увеличится на 0,2%/0,25%/0,3%/0,35%/0,4% от макс. HP экипированного этим оружием персонажа на 20 сек.'),(38,'Свет лиственного разреза.png','Свет лиственного разреза','Меч',5,542,'Критический урон','Шанс крит. попадания увеличивается на 4%/5%/6%/7%/8%. Когда обычная атака наносит элементальный урон, она даёт эффект Лиственного выреза: урон обычных атак и элементальных навыков повышается на 120%/150%/180%/210%/240% от мастерства стихий. После 28 активаций или через 12 сек. эффект исчезнет. Лиственный вырез можно получить не чаще одного раза в 12 сек.'),(39,'Блеск тихих вод.png','Блеск тихих вод','Меч',5,542,'Критический урон','Когда текущее HP экипированного персонажа увеличивается или снижается, наносимый урон элементального навыка повышается на 8%/10%/12%/14%/16% на 6 сек. Эффект возникает не чаще 1 раза в 0,2 сек. и складывается до 3 раз. Когда текущее HP других членов отряда увеличивается или снижается, макс. HP экипированного персонажа повышается на 14%/17,5%/21%/24,5%/28% на 6 сек. Эффект возникает не чаще 1 раза в 0,2 сек. и складывается до 2 раз. Эффект срабатывает даже когда экипированный персонаж находится вне поле боя.'),(40,'Меч драконьей крови.png','Меч драконьей крови','Двуручный меч',3,354,'Мастерство стихий','Увеличивает на 12%/15%/18%/21%/24% урон против врагов, находящихся под действием Пиро или Электро элементов.'),(41,'Металлическая тень.png','Металлическая тень','Двуручный меч',3,401,'Процент от HP','При HP ниже 70%/75%/80%/85%/90% врагу становится труднее прервать заряженную атаку. Также увеличивает урон заряженной атаки на 30%/35%/40%/45%/50%.'),(42,'Меч из белого железа.png','Меч из белого железа','Двуручный меч',3,401,'Процент от защиты','Победа над противником восстанавливает 8%/10%/12%/14%/16% HP.'),(43,'Дубина переговоров.png','Дубина переговоров','Двуручный меч',3,401,'Процент от силы атаки','При попадании элементальным навыком обычные и заряженные атаки наносят дополнительные 60%/75%/90%/105%/120% урона по небольшой площади в течение 15 сек. Может возникнуть раз в 3 сек.'),(44,'Большой меч небесного всадника.png','Большой меч небесного всадника','Двуручный меч',3,401,'Бонус физического урона','При попадании обычной или заряженной атакой сила атаки увеличивается на 6%/7%/8%/9%/10% в течение 6 сек. Эффект может складываться до 4 раз. Может возникнуть раз в 0,5 сек.'),(45,'Заснеженное звёздное серебро.png','Заснеженное звёздное серебро','Двуручный меч',4,565,'Бонус физического урона','Попадания обычной или заряженной атакой имеют 60%/70%/80%/90%/100% шанс создать над противником ледяной кристалл и уронить его, нанося 80%/95%/110%/125%/140% урона силы атаки по площади. Если противник имеет эффект Крио, то наносит ему 200%/240%/280%/320%/360% урона силы атаки. Может возникнуть раз в 10 сек.'),(46,'Дождерез.png','Дождерез','Двуручный меч',4,510,'Мастерство стихий','Увеличивает на 20%/24%/28%/32%/36% урон против врагов, находящихся под действием Гидро или Электро элементов.'),(47,'Белая тень.png','Белая тень','Двуручный меч',4,510,'Процент от защиты','При попадании обычной или заряженной атакой сила атаки и защита увеличиваются на 6%/7,5%/9%/10,5%/12% в течение 6 сек. Эффект может складываться до 4 раз. Может возникнуть не чаще 1 раза за 0,5 сек.'),(48,'Меч-колокол.png','Меч-колокол','Двуручный меч',4,510,'Процент от HP','При получении урона генерируется щит, который в течение 10 сек. поглощает урон, равный 20%/23%/26%/29%/32% от макс. HP. Может возникнуть раз в 45/45/45/45/45 сек. Под защитой щита увеличивает урон персонажа на 12%/15%/18%/21%/24%.'),(49,'Меч драконьей кости.png','Меч драконьей кости','Двуручный меч',4,510,'Шанс критического попадания','Каждые 4 сек. увеличивает наносимый персонажем урон на 6%/7%/8%/9%/10% и получаемый им урон на 3%/2,7%/2,4%/2,2%/2%, пока тот активен. Может складываться до 5 раз, не сбрасывается при смене персонажа, при получении урона снижается на 1 уровень складывания.'),(50,'Церемониальный двуручный меч.png','Церемониальный двуручный меч','Двуручный меч',4,565,'Восстановление энергии','Когда элементальный навык наносит урон, есть 40%/50%/60%/70%/80% вероятность, что его откат моментально восстановится. Может возникнуть раз в 30/26/22/19/16 сек.'),(51,'Черногорская бритва.png','Черногорская бритва','Двуручный меч',4,510,'Критический урон','Побеждённые противники увеличивают силу атаки на 12%/15%/18%/21%/24%. Длится 30 сек. Эффект может складываться до 3 раз. Длительность добавочных эффектов друг от друга не зависит.'),(52,'Прототип Архаичный.png','Прототип: Архаичный','Двуручный меч',4,565,'Процент от силы атаки','При попадании обычной или заряженной атакой имеет 50% шанс нанести дополнительные 240%/300%/360%/420%/480% урона в небольшом радиусе. Может возникнуть раз в 15 сек.'),(53,'Двуручный меч Фавония.png','Двуручный меч Фавония','Двуручный меч',4,454,'Восстановление энергии','Критические атаки имеют 60%/70%/80%/90%/100% шанс создать элементальные частицы, которые восстанавливают 6 ед. энергии. Возникает раз в 12/10,5/9/7,5/6 сек.'),(54,'Каменный меч.png','Каменный меч','Двуручный меч',4,510,'Процент от силы атаки','С каждым членом отряда из Ли Юэ сила атаки экипированного этим оружием персонажа увеличивается на 7%/8%/9%/10%/11%, а его шанс крит. попадания - на 3%/4%/5%/6%/7%. Эффект может складываться до 4 раз.'),(55,'Королевский двуручный меч.png','Королевский двуручный меч','Двуручный меч',4,565,'Процент от силы атаки','При нанесении урона противнику повышает шанс крит. попадания на 8%/10%/12%/14%/16%. Эффект может складываться до 5 раз. Добавочный шанс крит. попадания исчезает с первым крит. попаданием.'),(56,'Кацурагикири Нагамаса.png','Кацурагикири Нагамаса','Двуручный меч',4,510,'Восстановление энергии','Увеличивает урон элементального навыка на 6%/7,5%/9%/10,5%/12%. Когда элементальный навык поражает противника, персонаж теряет 3 единицы энергии, но восстанавливает 3/3,5/4/4,5/5 единицы энергии каждые 2 сек. в течение следующих 6 сек. Эффект может возникнуть один раз в 10 сек. Эффект может сработать, даже когда персонаж не находится на поле.'),(57,'Благодатный владыка вод.png','Благодатный владыка вод','Двуручный меч',4,454,'Процент от силы атаки','Увеличивает урон взрыва стихии на 12%/15%/18%/21%/24%. При попадании взрывом стихии по противнику с вероятностью в 100% призывается Титанический тунец, который совершает атаку и наносит урон по площади, равный 100%/125%/150%/175%/200% от силы атаки. Может возникнуть раз в 15 сек.'),(58,'Акуомару.png','Акуомару','Двуручный меч',4,510,'Процент от силы атаки','Урон взрыва стихии экипированного этим оружием персонажа увеличивается на 0,12%/0,15%/0,18%/0,21%/0,24% за каждую единицу суммы макс. энергии каждого члена отряда. Бонус урона не может превышать 40%/50%/60%/70%/80%.'),(59,'Регалия леса.png','Регалия леса','Двуручный меч',4,565,'Восстановление энергии','Активация статусов Горение, Стимуляция, Обострение, Разрастание, Бутонизация, Вегетация и Цветение создают рядом с персонажем Семя сознания, которое существует 10 сек. Мастерство стихий подобравшего его персонажа повышается на 60/75/90/105/120 ед. на 12 сек. Семя сознания может возникнуть раз в 20 сек. Этот эффект срабатывает, даже если экипированный персонаж не на поле боя. Эффект Семени сознания не суммируется.'),(60,'Аквамарин Махайры.png','Аквамарин Махайры','Двуручный меч',4,510,'Мастерство стихий','Каждые 10 сек. срабатывает следующий эффект: сила атаки экипированного этим оружием персонажа увеличивается на 24%/30%/36%/42%/48% от мастерства стихий на 12 сек. Члены отряда поблизости получают 30% этого эффекта. Если этим оружием обладают и другие члены отряда, эффект суммируется. Этот эффект срабатывает, даже если экипированный персонаж не на поле боя.'),(61,'Цветок в латах.png','Цветок в латах','Двуручный меч',4,565,'Мастерство стихий','После попадания элементальным навыком по противнику или активации элементальной реакции, на 8 сек. сила атаки повышается на 12%/15%/18%/21%/24%, а мастерство стихий — на 48/60/72/84/96 ед.'),(62,'Тень волны.png','Тень волны','Двуручный меч',4,510,'Процент от силы атаки','Сила атаки после получения лечения увеличивается на 24%/30%/36%/42%/48% на 8 сек. Эффект срабатывает, даже когда персонаж не на поле боя.'),(63,'Говорящая палица.png','Говорящая палица','Двуручный меч',4,565,'Шанс критического попадания','Повышает силу атаки на 16%/20%/24%/28%/32% на 15 сек. после получения эффекта Пиро. Этот эффект может возникнуть один раз в 12 сек. После получения эффектов Гидро, Крио, Электро или Дендро бонус элементального урона на 15 сек. увеличивается на 12%/15%/18%/21%/24%. Может возникнуть раз в 12 сек.'),(64,'Переносная мотопила.png','Переносная мотопила','Двуручный меч',4,454,'Процент от HP','Когда экипированный персонаж лечит или получает лечение, он на 30 сек. наделяется Символом стойкости. Всего можно получить до 3 Символов. При активации элементального навыка или взрыва стихии все Символы расходуются и на 10 сек. создаётся эффект Воодушевления: за каждый израсходованный Символ мастерство стихий повышается на 40/50/60/70/80 ед., а через 2 сек. после активации эффекта каждый израсходованный Символ восстанавливает 2/2,5/3/3,5/4 ед. энергии. Эффект Воодушевления может возникнуть один раз в 15 сек. Персонаж получает Символы стойкости, даже если он не на поле боя.'),(65,'«Магический супермеч высшего владыки».png','«Магический супермеч высшего владыки»','Двуручный меч',4,565,'Восстановление энергии','Повышает силу атаки на 12%/15%/18%/21%/24%. Но это ещё не всё! Поддержка мелюзин деревни Меруси, которым вы помогли, наполняет вас мощью! В зависимости от их количества, сила атаки может дополнительно увеличиться максимум на 12%/15%/18%/21%/24%.'),(66,'Некованый.png','Некованый','Двуручный меч',5,608,'Процент от силы атаки','Увеличивает прочность щита на 20%/25%/30%/35%/40%. При попадании увеличивает силу атаки на 4%/5%/6%/7%/8% в течение 8 сек. Эффект может складываться до 5 раз и возникнуть раз в 0,3 сек. Кроме того, под защитой щита бонус силы атаки данного эффекта увеличивается на 100%.'),(67,'Волчья погибель.png','Волчья погибель','Двуручный меч',5,608,'Процент от силы атаки','Увеличивает силу атаки на 20%/25%/30%/35%/40%. При попадании по цели с HP меньше 30% увеличивает силу атаки всех членов отряда на 40%/50%/60%/70%/80% в течение 12 сек. Может возникнуть не чаще 1 раза за 30 сек.'),(68,'Небесное величие.png','Небесное величие','Двуручный меч',5,674,'Восстановление энергии','Увеличивает наносимый урон на 8%/10%/12%/14%/16%. После активации взрыва стихий попадания обычными или заряженными атаками запускают неосязаемое лезвие, которое наносит 80%/100%/120%/140%/160% урона всем врагам на своём пути. Длится 20 сек. или 8 неосязаемых лезвий.'),(69,'Песнь разбитых сосен.png','Песнь разбитых сосен','Двуручный меч',5,741,'Бонус физического урона','Часть Тысячелетней симфонии, что блуждает среди ветров. Увеличивает силу атаки на 16%/20%/24%/28%/32% и при попадании обычной или заряженной атакой даёт персонажу Печать шёпота. Этот эффект может возникнуть раз в 0,3 сек. После получения 4-ой Печати шёпота все они тратятся, и все окружающие члены отряда получают эффект Тысячелетняя симфония: Гимн знамени на 12 сек. Тысячелетняя симфония: Гимн знамени увеличивает скорость обычной атаки на 12%/15%/18%/21%/24% и силу атаки на 20%/25%/30%/35%/40%. После активации этого эффекта вы не сможете получать Печати шёпота в течение 20 сек. При наличии нескольких эффектов Тысячелетней симфонии усиления одного типа не складываются.'),(70,'Краснорогий камнеруб.png','Краснорогий камнеруб','Двуручный меч',5,542,'Критический урон','Защита повышается на 28%/35%/42%/49%/56%, урон обычных и заряженных атак повышается на 40%/50%/60%/70%/80% защиты.'),(71,'Маяк тростникового моря.png','Маяк тростникового моря','Двуручный меч',5,608,'Шанс критического попадания','После попадания элементальным навыком по противнику сила атаки увеличится на 20%/25%/30%/35%/40% на 8 сек. При получении урона сила атаки увеличится на 20%/25%/30%/35%/40% на 8 сек. Эти эффекты срабатывают, даже если персонаж не на поле боя. Кроме того, если экипированный персонаж не защищён щитом, его макс. HP увеличится на 32%/40%/48%/56%/64%.'),(72,'Вердикт.png','Вердикт','Двуручный меч',5,674,'Шанс критического попадания','Повышает силу атаки на 20%/25%/30%/35%/40%. Когда члены отряда подбирают элементальные осколки, созданные реакцией Кристалл, экипированный персонаж получает 1 Печать, которая увеличивает урон элементального навыка на 18%/22,5%/27%/31,5%/36%. Печать действует 15 сек. Одновременно можно иметь 2 Печати. Все Печати экипированного персонажа пропадут через 0,2 сек. после нанесения урона его элементальным навыком.'),(73,'Лук ворона.png','Лук ворона','Лук',3,448,'Мастерство стихий','Увеличивает на 12%/15%/18%/21%/24% урон против врагов, находящихся под действием Гидро или Пиро элементов.'),(74,'Посыльный.png','Посыльный','Лук',3,448,'Критический урон','При попадании заряженной атакой по слабому месту дополнительно наносит 100%/125%/150%/175%/200% урона в качестве крит. урона. Может возникнуть раз в 10 сек.'),(75,'Клятва стрелка.png','Клятва стрелка','Лук',3,401,'Критический урон','Увеличивает урон по слабым местам противников на 24%/30%/36%/42%/48%.'),(76,'Рогатка.png','Рогатка','Лук',3,354,'Шанс критического попадания','Если обычная или заряженная стрела поразила цель в течение 0,3 сек. после выстрела, то её урон увеличивается на 36%/42%/48%/54%/60%. В противном случае урон уменьшается на 10%.'),(77,'Изогнутый лук.png','Изогнутый лук','Лук',3,354,'Процент от HP','Победа над противником восстанавливает 8%/10%/12%/14%/16% HP.'),(78,'Бесструнный.png','Бесструнный','Лук',4,510,'Мастерство стихий','Увеличивает урон элементального навыка и взрыва стихии на 24%/30%/36%/42%/48%.'),(79,'Церемониальный лук.png','Церемониальный лук','Лук',4,565,'Восстановление энергии','Когда элементальный навык наносит урон, есть 40%/50%/60%/70%/80% вероятность, что его откат моментально восстановится. Может возникнуть раз в 30/26/22/19/16 сек.'),(80,'Ржавый лук.png','Ржавый лук','Лук',4,510,'Процент от силы атаки','Увеличивает урон обычной атаки на 40%/50%/60%/70%/80%, но понижает урон заряженной атаки на 10%.'),(81,'Королевский лук.png','Королевский лук','Лук',4,510,'Процент от силы атаки','При нанесении урона противнику повышает шанс крит. попадания на 8%/10%/12%/14%/16%. Эффект может складываться до 5 раз. Добавочный шанс крит. попадания исчезает с первым крит. попаданием.'),(82,'Зелёный лук.png','Зелёный лук','Лук',4,510,'Шанс критического попадания','При попадании обычной или заряженной атакой появляется 50% шанс создать Циклон, который притягивает к себе врагов и наносит им 40%/50%/60%/70%/80% урона каждые 0,5 сек. в течение 4 сек. Может возникнуть раз в 14/13/12/11/10 сек.'),(83,'Прототип Полумесяц.png','Прототип: Полумесяц','Лук',4,510,'Процент от силы атаки','Попадания заряженной атакой по слабым местам увеличивают скорость передвижения на 10% и силу атаки на 36%/45%/54%/63%/72% в течение 10 сек.'),(84,'Боевой лук Фавония.png','Боевой лук Фавония','Лук',4,454,'Восстановление энергии','Критические атаки имеют 60%/70%/80%/90%/100% шанс создать элементальные частицы, которые восстанавливают 6 ед. энергии. Возникает раз в 12/10,5/9/7,5/6 сек.'),(85,'Составной лук.png','Составной лук','Лук',4,454,'Бонус физического урона','Попадания обычной и заряженной атакой увеличивают силу атаки на 4%/5%/6%/7%/8% и скорость атаки на 1,2%/1,5%/1,8%/2,1%/2,4% в течение 6 сек. Эффект может складываться до 4 раз. Может возникнуть раз в 0,3 сек.'),(86,'Черногорский боевой лук.png','Черногорский боевой лук','Лук',4,565,'Критический урон','Побеждённые противники увеличивают силу атаки на 12%/15%/18%/21%/24%. Длится 30 сек. Эффект может складываться до 3 раз. Длительность добавочных эффектов друг от друга не зависит.'),(87,'Ода анемонии.png','Ода анемонии','Лук',4,510,'Мастерство стихий','Использование элементального навыка накладывает Древнее желание анемонии, которое увеличивает силу атаки на 16%/20%/24%/28%/32% в течение 6 сек.'),(88,'Охотник во тьме.png','Охотник во тьме','Лук',4,565,'Процент от силы атаки','Увеличивает урон экипированного этим оружием персонажа, когда тот не на поле боя, на 2%/2,5%/3%/3,5%/4% в сек. Таким способом макс. количество наносимого урона может быть увеличено до 20%/25%/30%/35%/40%. Через 4 сек. после появления персонажа на поле боя бонус повышения урона от данного эффекта начнёт убывать по 4%/5%/6%/7%/8% в сек., пока не опустится до 0%.'),(89,'Вальс Нирваны Ночи.png','Вальс Нирваны Ночи','Лук',4,510,'Бонус физического урона','Попадания обычной атакой увеличивают урон элементального навыка на 20%/25%/30%/35%/40% в течение 5 сек., а попадания элементальным навыком увеличивают урон обычной атаки на 20%/25%/30%/35%/40% в течение 5 сек.'),(90,'Хамаюми.png','Хамаюми','Лук',4,454,'Процент от силы атаки','Увеличивает урон обычной атаки на 16%/20%/24%/28%/32% и урон заряженной атаки на 12%/15%/18%/21%/24%. Когда элементальная энергия персонажа с этим оружием достигает 100%, эффект увеличивается на 100%.'),(91,'Хищник.png','Хищник','Лук',4,510,'Процент от силы атаки','Действует только для игроков \"PlayStation Network\". Нанесённый противникам Крио урон повышает урон обычной и заряженной атаки персонажа на 10% в течение 6 сек. Эффект может складываться до 2 раз. Кроме этого, когда Хищником экипирована Элой, сила атаки повышается на 66 ед.'),(92,'Луна Моун.png','Луна Моун','Лук',4,565,'Процент от силы атаки','Урон взрыва стихии экипированного этим оружием персонажа увеличивается на 0,12%/0,15%/0,18%/0,21%/0,24% за каждую единицу суммы макс. энергии каждого члена отряда. Бонус урона не может превышать 40%/50%/60%/70%/80%.'),(93,'Гаснущие сумерки.png','Гаснущие сумерки','Лук',4,565,'Восстановление энергии','Оружие обладает 3 состояниями: Закат, Туман и Заря. Закат увеличивает наносимый урон на 6%/7,5%/9%/10,5%/12%, Туман увеличивает наносимый урон на 10%/12,5%/15%/17,5%/20%, Заря увеличивает наносимый урон на 14%/17,5%/21%/24,5%/28%. После попадания по противнику состояние меняется на следующее, не чаще одного раза в 7 сек. Эффект смены состояния срабатывает, даже когда персонаж не на поле боя.'),(94,'Приближённый короля.png','Приближённый короля','Лук',4,454,'Процент от силы атаки','Активация элементального навыка или взрыва стихии наделяет персонажа эффектом Наставлений лесов, который увеличивает его мастерство стихий на 60/80/100/120/140 ед. на 12 сек. При переключении персонажа эффект пропадёт. Когда время действия эффекта заканчивается или он пропадёт, одному из противников поблизости наносится урон в 100%/120%/140%/160%/180% от силы атаки. Этот эффект может возникнуть раз в 20 сек.'),(95,'Иссушитель.png','Иссушитель','Лук',4,510,'Восстановление энергии','Активация элементального навыка вызывает эффект Плывущего по течению: атаки при попадании наносят урон по площади, равный 80%/100%/120%/140%/160% от силы атаки. Через 15 сек. либо после 3 нанёсших урон атак эффект исчезнет. Эффект наносит урон не чаще одного раза в 2 сек. и может возникнуть раз в 12 сек.'),(96,'Клюв ибиса.png','Клюв ибиса','Лук',4,565,'Процент от силы атаки','Попадание заряженной атакой по противнику увеличивает мастерство стихий на 40/50/60/70/80 ед. на 6 сек. Эффект складывается до 2 раз и может возникнуть один раз в 0,5 сек.'),(97,'Мелодия покоя.png','Мелодия покоя','Лук',4,510,'Процент от силы атаки','Наносимый урон после получения лечения увеличивается на 16%/20%/24%/28%/32% на 8 сек. Эффект срабатывает, даже когда персонаж не на поле боя.'),(98,'Наследник слепящего солнца.png','Наследник слепящего солнца','Лук',4,565,'Шанс критического попадания','Попадания заряженной атакой обрушивают на поражённого ею врага Стрелу слепящего солнца, которая наносит 60%/75%/90%/105%/120% урона от силы атаки. Кроме того, на врага, получившего урон от Стрелы слепящего солнца, на 10 сек. накладывается эффект Пылающего сердца. Урон заряженной атаки экипированного персонажа по противнику под воздействием Пылающего сердца повышается на 28%/35%/42%/49%/56%. Стрела слепящего солнца может возникнуть один раз в 10 сек.'),(99,'Дальномер.png','Дальномер','Лук',4,565,'Процент от силы атаки','Когда экипированный персонаж лечит или получает лечение, он на 30 сек. наделяется Меткой единства. Всего можно получить до 3 Меток. При активации элементального навыка или взрыва стихии все Метки расходуются и на 10 сек. создаётся эффект Отпора: за каждую израсходованную Метку сила атаки повышается на 3%/4%/5%/6%/7%, а бонус урона всеми элементами - на 7%/8,5%/10%/11,5%/13%. Эффект Отпора может возникнуть один раз в 15 сек. Персонаж получает Метки единства, даже если он не на поле боя.'),(100,'Лук Амоса.png','Лук Амоса','Лук',5,608,'Процент от силы атаки','Увеличивает урон обычной и заряженной атаки на 12%/15%/18%/21%/24%. Каждые 0,1 сек. полёта стрелы, выпущенной обычной или заряженной атакой, увеличивают её урон на 8%/10%/12%/14%/16%. Эффект может складываться до 5 раз.'),(101,'Небесное крыло.png','Небесное крыло','Лук',5,674,'Шанс критического попадания','Увеличивает крит. урон на 20%/25%/30%/35%/40%. При попадании есть 60%/70%/80%/90%/100% шанс нанести 125% физ. урона в небольшом радиусе. Может возникнуть раз в 4/3,5/3/2,5/2 сек.'),(102,'Элегия погибели.png','Элегия погибели','Лук',5,608,'Восстановление энергии','Часть Тысячелетней симфонии, что блуждает среди ветров. Увеличивает мастерство стихий на 60/75/90/105/120 ед. При попадании элементальным навыком или взрывом стихии по противнику персонаж получает один Талисман воспоминаний. Он может возникнуть раз в 0,2 сек., даже когда персонаж в отряде, но не активен. Четыре собранных Талисмана воспоминаний пропадают, на 12 сек. наделяя ближайших членов отряда эффектом «Тысячелетняя симфония: Прощальный гимн». Их мастерство стихии повышается на 100/125/150/175/200 ед., а сила атаки - на 20%/25%/30%/35%/40%. В течение 20 сек. после активации эффекта Талисманы воспоминаний появляться не будут. Тысячелетняя симфония с эффектами, влияющими на те же навыки, не складывается.'),(103,'Громовой пульс.png','Громовой пульс','Лук',5,608,'Критический урон','Увеличивает силу атаки на 20%/25%/30%/35%/40% и дарует мощь Громовой эмблемы. На 1 уровне эмблемы урон обычной атаки увеличивается на 12%/15%/18%/21%/24%, на 2 уровне эмблемы на 24%/30%/36%/42%/48%, на 3 уровне эмблемы на 40%/50%/60%/70%/80%. Персонаж получает 1 уровень Громовой эмблемы в каждом из следующих случаев: при нанесении урона обычной атакой (эмблема действует 5 сек.); при применении элементального навыка (эмблема действует 10 сек.); когда элементальная энергия персонажа ниже 100% (эмблема исчезнет, когда элементальная энергия полностью восстановится). Продолжительность действия каждого уровня эмблемы рассчитывается индивидуально.'),(104,'Полярная звезда.png','Полярная звезда','Лук',5,608,'Шанс критического попадания','Урон, наносимый элементальным навыком и взрывом стихии, увеличивается на 12%/15%/18%/21%/24%. Когда обычная атака, заряженная атака, элементальный навык или взрыв стихии попадают по врагу, возникает 1 ур. эффекта Звезда полярной ночи, который длится 12 сек. При 1 ур. эффекта Звезда полярной ночи сила атаки повышается на 10%/12,5%/15%/17,5%/20%, при 2 ур. на 20%/25%/30%/35%/40%, при 3 ур. на 30%/37,5%/45%/52,5%/60%, при 4 ур. на 48%/60%/72%/84%/96%. Уровни Звезды полярной ночи, созданные обычной атакой, заряженной атакой, элементальным навыком и взрывом стихии, рассчитываются по отдельности.'),(105,'Аква симулякрум.png','Аква симулякрум','Лук',5,542,'Критический урон','Увеличивает HP на 16%/20%/24%/28%/32%. Когда рядом есть враги, урон, наносимый персонажем, экипированным этим оружием, увеличивается на 20%/25%/30%/35%/40%. Эффект срабатывает, даже когда персонаж не на поле боя.'),(106,'Охотничья тропа.png','Охотничья тропа','Лук',5,542,'Шанс критического попадания','Даёт 12%/15%/18%/21%/24% бонус урона всеми элементами. Попадание заряженной атакой наделяет персонажа эффектом Непрестанной охоты, который увеличивает урон заряженных атак на 160%/200%/240%/280%/320% от мастерства стихий. Через 10 сек. либо после 12 активаций эффект исчезает. Может возникнуть один раз в 12 сек.'),(107,'Первый великий фокус.png','Первый великий фокус','Лук',5,608,'Критический урон','Увеличивает урон заряженной атаки на 16%/20%/24%/28%/32%. Предоставляет 1 уровень Уловки за каждого персонажа того же элемента в отряде, что и экипированный персонаж (включая экипированного персонажа). За каждого персонажа отряда с другим элементом предоставляет 1 уровень Актёрского мастерства. Когда действует 1 уровень Уловки, сила атаки повышается на 16%/20%/24%/28%/32%. Когда действует 2 уровень Уловки, сила атаки повышается на 32%/40%/48%/56%/64%. Когда действует 3 и более уровень Уловки, сила атаки повышается на 48%/60%/72%/84%/96%. Во время действия 1 уровень Актёрского мастерства скорость передвижения увеличивается на 4%/6%/8%/10%/12%. Во время действия 2 уровень Актёрского мастерства скорость передвижения увеличивается на 7%/9%/11%/13%/15%. Во время действия 3 и более уровень Актёрского мастерства скорость передвижения увеличивается на 10%/12%/14%/16%/18%.'),(108,'Парный нефрит.png','Парный нефрит','Катализатор',3,448,'Шанс критического попадания','Победа над противником увеличивает скорость передвижения и силу атаки на 12%/14%/16%/18%/20% в течение 15 сек.'),(109,'Эпос о драконоборцах.png','Эпос о драконоборцах','Катализатор',3,401,'Процент от HP','При переключении персонажа увеличивает силу атаки вошедшего на поле боя персонажа на 24%/30%/36%/42%/48% в течение 10 сек. Может возникнуть раз в 20 сек.'),(110,'Руководство по магии.png','Руководство по магии','Катализатор',3,354,'Мастерство стихий','Увеличивает на 12%/15%/18%/21%/24% урон против врагов, находящихся под действием Гидро или Электро элементов.'),(111,'Изумрудный шар.png','Изумрудный шар','Катализатор',3,448,'Мастерство стихий','Увеличивает силу атаки на 20%/25%/30%/35%/40% в течение 12 сек при активации реакций Пар, Заряжен, Заморозка, Бутонизация или Гидро рассеивание.'),(112,'Потусторонняя история.png','Потусторонняя история','Катализатор',3,401,'Восстановление энергии','Подобранные элементальные сферы и частицы восстанавливают 1%/1,25%/1,5%/1,75%/2% HP.'),(113,'Плод вечной мерзлоты.png','Плод вечной мерзлоты','Катализатор',4,510,'Процент от силы атаки','Попадания обычной или заряженной атакой имеют 60%/70%/80%/90%/100% шанс создать над противником ледяной кристалл и уронить его, нанося 80%/95%/110%/125%/140% урона силы атаки по площади. Если противник имеет эффект Крио, то наносит ему 200%/240%/280%/320%/360% урона силы атаки. Может возникнуть раз в 10 сек.'),(114,'Око сознания.png','Око сознания','Катализатор',4,454,'Процент от силы атаки','При попадании обычной или заряженной атакой появляется 50% шанс запустить Око сознания, которое наносит 240%/270%/300%/330%/360% урона силы атаки. Оно способно отразиться от противника к противнику до 4 раз. Может возникнуть раз в 12/11/10/9/8 сек.'),(115,'Кодекс Фавония.png','Кодекс Фавония','Катализатор',4,510,'Восстановление энергии','Критические атаки имеют 60%/70%/80%/90%/100% шанс создать элементальные частицы, которые восстанавливают 6 ед. энергии. Возникает раз в 12/10,5/9/7,5/6 сек.'),(116,'Морской атлас.png','Морской атлас','Катализатор',4,565,'Мастерство стихий','В течение 10 сек. после вызова элементальной реакции увеличивает бонус элементального урона на 8%/10%/12%/14%/16%. Может складываться до 2 раз.'),(117,'Прототип Янтарь.png','Прототип: Янтарь','Катализатор',4,510,'Процент от HP','В течение 6 сек. после использования взрыва стихий восстанавливается 4/4,5/5/5,5/6 ед. энергии каждые 2 сек., а все члены отряда восстанавливают по 4%/4,5%/5%/5,5%/6% HP каждые 2 сек.'),(118,'Королевский гримуар.png','Королевский гримуар','Катализатор',4,565,'Процент от силы атаки','При нанесении урона противнику повышает шанс крит. попадания на 8%/10%/12%/14%/16%. Эффект может складываться до 5 раз. Добавочный шанс крит. попадания исчезает с первым крит. попаданием.'),(119,'Черногорский агат.png','Черногорский агат','Катализатор',4,510,'Критический урон','Побеждённые противники увеличивают силу атаки на 12%/15%/18%/21%/24%. Длится 30 сек. Эффект может складываться до 3 раз. Длительность добавочных эффектов друг от друга не зависит.'),(120,'Церемониальные мемуары.png','Церемониальные мемуары','Катализатор',4,454,'Мастерство стихий','Когда элементальный навык наносит урон, есть 40%/50%/60%/70%/80% вероятность, что его откат моментально восстановится. Может возникнуть раз в 30/26/22/19/16 сек.'),(121,'Солнечная жемчужина.png','Солнечная жемчужина','Катализатор',4,510,'Шанс критического попадания','Попадания обычной атакой увеличивают урон элементальных навыков и взрыва стихии на 20%/25%/30%/35%/40% в течение 6 сек. И наоборот, попадания элементальными навыками и взрывом стихии увеличивают урон обычной атаки на 20%/25%/30%/35%/40% в течение 6 сек.'),(122,'Песнь странника.png','Песнь странника','Катализатор',4,510,'Критический урон','При переключении на персонажа в течение 10 сек. играет случайная музыкальная тема. Может возникнуть раз в 30 сек. Речитатив: увеличивает силу атаки на 60%/75%/90%/105%/120%; Ария: увеличивает элементальный урон на 48%/60%/72%/84%/96%; Интерлюдия: увеличивает мастерство стихий на 240/300/360/420/480.'),(123,'Вино и песни.png','Вино и песни','Катализатор',4,565,'Восстановление энергии','Попадания обычной атакой уменьшают потребление выносливости спринта и навыков, заменяющих спринт, на 14%/16%/18%/20%/22% в течение 5 сек. Кроме того, использование спринта или навыка, заменяющего спринт, увеличивает силу атаки на 20%/25%/30%/35%/40% в течение 5 сек.'),(124,'Истории Додоко.png','Истории Додоко','Катализатор',4,454,'Процент от силы атаки','Попадания обычной атакой увеличивают урон заряженной атаки на 16%/20%/24%/28%/32% в течение 6 сек., а попадания заряженной атакой увеличивают силу атаки на 8%/10%/12%/14%/16% в течение 6 сек.'),(125,'Кольцо Хакусин.png','Кольцо Хакусин','Катализатор',4,565,'Восстановление энергии','Когда персонаж, экипированный этим оружием, вызывает реакцию, связанную с элементом Электро, все находящиеся рядом члены отряда, чей элемент соответствует этой реакции, получают 10%/12,5%/15%/17,5%/20% бонус урона к своему элементу на 6 сек. Элементальные бонусы урона, полученные таким образом, не суммируются.'),(126,'Око клятвы.png','Око клятвы','Катализатор',4,565,'Процент от силы атаки','Использование элементального навыка увеличивает восстановление энергии на 24%/30%/36%/42%/48% в течение 10 сек.'),(127,'Плод восполнения.png','Плод восполнения','Катализатор',4,510,'Восстановление энергии','Вызов элементальной реакции наделяет персонажа эффектом Роста и убыли, который увеличивает мастерство стихий на 24/27/30/33/36 ед., но понижает силу атаки на 5%. Эффект может возникнуть один раз в 0,3 сек. и складывается до 5 раз. Если не вызывать элементальные реакции, каждые 6 сек. теряется по одному уровню эффекта. Этот эффект срабатывает, даже если экипированный персонаж не на поле боя.'),(128,'Скитающаяся звезда.png','Скитающаяся звезда','Катализатор',4,510,'Мастерство стихий','Каждые 10 сек. срабатывает следующий эффект: сила атаки экипированного этим оружием персонажа увеличивается на 24%/30%/36%/42%/48% от мастерства стихий на 12 сек. Члены отряда поблизости получают 30% этого эффекта. Если этим оружием обладают и другие члены отряда, эффект суммируется. Этот эффект срабатывает, даже если экипированный персонаж не на поле боя.'),(129,'Сверкание чистых вод.png','Сверкание чистых вод','Катализатор',4,565,'Процент от силы атаки','Активация элементального навыка повышает бонус урона всеми элементами на 8/10%/12%/14%/16% на 15 сек. и накладывает Долг жизни, равный 24% от макс. HP. Эффект может возникнуть один раз в 10 сек. Когда Долг жизни снимается, бонус урона всеми элементами на 15 сек. увеличивается на 2%/2,5%/3%/3,5%/4% за каждые отданные 1000 ед. HP Долга жизни. Бонус урона всеми элементами, полученный таким образом, не может превышать 12%/15%/18%/21%/24%.'),(130,'Жертвенный нефрит.png','Жертвенный нефрит','Катализатор',4,454,'Шанс критического попадания','Если персонаж не на поле боя более 5 сек., макс. HP увеличивается на 32%/40%/48%/56%/64%, а мастерство стихий - на 40/50/60/70/80 ед. После вступления персонажа в бой эффект длится 10 сек., после чего исчезает.'),(131,'Песнь необъятной лазури.png','Песнь необъятной лазури','Катализатор',4,565,'Восстановление энергии','В течение 6 сек. после попадания обычной или заряженной атаки по противнику урон обычной атаки повысится на 8%/10%/12%/14%/16%, а урон заряженной атаки на — 6%/7,5%/9%/10,5%/12%. Эффект может складываться до 3 раз и возникает один раз в 0,3 сек.'),(132,'Память о пыли.png','Память о пыли','Катализатор',5,608,'Процент от силы атаки','Увеличивает прочность щита на 20%/25%/30%/35%/40%. При попадании увеличивает силу атаки на 4%/5%/6%/7%/8% в течение 8 сек. Эффект может складываться до 5 раз и возникнуть раз в 0,3 сек. Кроме того, под защитой щита бонус силы атаки данного эффекта увеличивается на 100%.'),(134,'Небесный атлас.png','Небесный атлас','Катализатор',5,674,'Процент от силы атаки','Увеличивает бонус элементального урона на 12%/15%/18%/21%/24%. При попадании обычной атакой есть 50% шанс получить благословение облаков, которые в течение 15 сек. атакуют ближайших врагов и наносят им 160%/200%/240%/280%/320% урона. Может возникнуть раз в 30 сек.'),(135,'Молитва святым ветрам.png','Молитва святым ветрам','Катализатор',5,608,'Шанс критического попадания','Увеличивает скорость передвижения на 10%. Во время битвы даёт 8%/10%/12%/14%/16% бонус элементального урона каждые 4 сек. Может складываться до 4 раз. Эффект оканчивается, если персонаж погибает или покидает поле боя.'),(136,'Вечное лунное сияние.png','Вечное лунное сияние','Катализатор',5,608,'Процент от HP','Увеличивает бонус лечения на 10%/12,5%/15%/17,5%/20%, также повышает урон обычной атаки на 1%/1,5%/2%/2,5%/3% от макс. HP экипированного этим оружием персонажа. В течение 12 сек. после использования взрыва стихии попадания обычной атакой по противнику восстанавливают 0,6 ед. энергии. Энергию можно восстановить не чаще чем раз в 0,1 сек.'),(137,'Истина кагура.png','Истина кагура','Катализатор',5,608,'Критический урон','Использование элементального навыка наделяет экипированного этим оружием персонажа эффектом «Танец кагура», который увеличивает урон его элементального навыка на 12%/15%/18%/21%/24%. Этот эффект длится 16 сек. и может складываться до 3 раз. На 3 уровне эффекта персонаж получает 12%/15%/18%/21%/24% бонус урона всеми элементами.'),(138,'Сновидения тысячи ночей.png','Сновидения тысячи ночей','Катализатор',5,542,'Мастерство стихий','Другие члены отряда предоставляют экипированному этим оружием персонажу усиления в зависимости от того, совпадают их элементы, или нет. Если элементы совпадают, мастерство стихий повышается на 32/40/48/56/64 ед. Если не совпадают, экипированный этим оружием персонаж получает 10%/14%/18%/22%/26% бонус урона своего элемента. Данные эффекты складываются до 3 раз. Вдобавок мастерство стихий всех персонажей отряда поблизости (кроме экипированного этим оружием персонажа) увеличивается на 40/42/44/46/48 единиц. Если этим оружием обладают и другие члены отряда, эффект суммируется.'),(139,'Воспоминания Тулайтуллы.png','Воспоминания Тулайтуллы','Катализатор',5,674,'Критический урон','Скорость обычной атаки повышается на 10%/12,5%/15%/17,5%/20%. После активации экипированным этим оружием персонажем элементального навыка урон обычной атаки будет повышаться на 4,8%/6%/7,2%/8,4%/9,6% в секунду в течение 14 сек. Пока этот эффект активен, каждое попадание по противнику мгновенно увеличивает урон обычной атаки на 9,6%/12%/14,4%/16,8%/19,2%. Увеличение может возникнуть один раз в 0,3 сек. Во время действия одного такого эффекта урон обычной атаки может быть увеличен максимум на 48%/60%/72%/84%/96%. Эффект будет снят, если персонаж покинет поле боя, а повторная активация элементального навыка сбросит увеличение урона.'),(140,'Великолепие лазурного свода.png','Великолепие лазурного свода','Катализатор',5,608,'Процент от HP','Когда экипированный персонаж активирует взрыв стихии или создаёт щит, он на 3 сек. получает эффект Камня воли: каждые 2,5 сек. восстанавливает 4,5/5/5,5/6/6,5 ед. энергии, а бонус урона соответствующего элемента повышается на 0,3%/0,5%/0,7%/0,9%/1,1% за каждую 1000 ед. макс. HP персонажа, максимум 12%/20%/28%/36%/44%. Эффект Камня воли активируется, даже если экипированный персонаж не на поле боя.'),(141,'Обряд вечного течения.png','Обряд вечного течения','Катализатор',5,542,'Критический урон','Увеличивает НР на 16%/20%/24%/28%/32%. Когда текущее НР персонажа повышается или понижается, урон заряженной атаки увеличивается на 14%/18%/22%/26%/30% на 4 сек. Эффект складывается до 3 раз и возникает не чаще, чем 1 раз в 0,3 сек. При получении 3 уровней или обновлении времени длительности 3 уровня восстанавливается 8/9/10/11/12 ед. энергии. Восстанавливать энергию таким образом можно 1 раз в 12 сек.'),(142,'Казначейский надзор.png','Казначейский надзор','Катализатор',5,674,'Шанс критического попадания','Увеличивает силу атаки на 16%/20%/24%/28%/32%. Когда текущее HP персонажа повышается или понижается, на 4 сек. урон обычной атаки увеличивается на 16%/20%/24%/28%/32%, а заряженной атаки - на 14%/17,5%/21%/24,5%/28%. Эффект складывается до 3 раз и возникает не чаще, чем 1 раз в 0,3 сек. При получении экипированным персонажем 3 уровней скорость атаки увеличивается на 8%/10%/12%/14%/16%.'),(143,'Звонкий клич журавля.png','Звонкий клич журавля','Катализатор',5,741,'Процент от силы атаки','После того как атака в падении экипированного персонажа поражает врага, урон атак в падении членов отряда поблизости повышается на 28%/41%/54%/67%/80% на 20 сек. Попадания атак в падении членов отряда поблизости восстанавливают 2,5/2,75/3/3,25/3,5 ед. энергии экипированного персонажа. Восстанавливать энергию таким образом можно 1 раз в 0,7 сек. Эффект восстановления энергии срабатывает, даже если экипированный персонаж не на поле боя.'),(144,'Чёрная кисть.png','Чёрная кисть','Копье',3,354,'Процент от HP','Увеличивает урон по слаймам на 40%/50%/60%/70%/80%.'),(145,'Белая кисть.png','Белая кисть','Копье',3,401,'Шанс критического попадания','Увеличивает урон обычной атаки на 24%/30%/36%/42%/48%.'),(146,'Алебарда Миллелита.png','Алебарда Миллелита','Копье',3,448,'Процент от силы атаки','Обычные атаки наносят дополнительные 160%/200%/240%/280%/320% урона. Может возникнуть не чаще 1 раза за 10 сек.'),(147,'Пика полумесяца.png','Пика полумесяца','Копье',4,565,'Бонус физического урона','В течение 5 сек. после поднятия элементальной сферы или частицы обычные и заряженные атаки наносят дополнительный урон, равный 20%/25%/30%/35%/40% от силы атаки.'),(148,'Черногорская пика.png','Черногорская пика','Копье',4,510,'Критический урон','Побеждённые противники увеличивают силу атаки на 12%/15%/18%/21%/24%. Длится 30 сек. Эффект может складываться до 3 раз. Длительность добавочных эффектов друг от друга не зависит.'),(149,'Гроза драконов.png','Гроза драконов','Копье',4,454,'Мастерство стихий','Увеличивает на 20%/24%/28%/32%/36% урон против врагов, находящихся под действием Гидро или Пиро элементов.'),(150,'Копьё Драконьего хребта.png','Копьё Драконьего хребта','Копье',4,454,'Бонус физического урона','Попадания обычной или заряженной атакой имеют 60%/70%/80%/90%/100% шанс создать над противником ледяной кристалл и уронить его, нанося 80%/95%/110%/125%/140% урона силы атаки по площади. Если противник имеет эффект Крио, то наносит ему 200%/240%/280%/320%/360% урона силы атаки. Может возникнуть раз в 10 сек.'),(151,'Прототип Звёздный блеск.png','Прототип: Звёздный блеск','Копье',4,510,'Восстановление энергии','Использование элементального навыка увеличивает урон обычной и заряженной атаки на 8%/10%/12%/14%/16% в течение 12 сек. Эффект может складываться до 2 раз.'),(152,'Смертельный бой.png','Смертельный бой','Копье',4,454,'Шанс критического попадания','Если рядом 2 врага и более, сила атаки и защита увеличиваются на 16%/20%/24%/28%/32%; если рядом менее 2 врагов, сила атаки увеличивается на 24%/30%/36%/42%/48%.'),(153,'Каменное копьё.png','Каменное копьё','Копье',4,565,'Процент от силы атаки','С каждым членом отряда из Ли Юэ сила атаки экипированного этим оружием персонажа увеличивается на 7%/8%/9%/10%/11%, а его шанс крит. попадания - на 3%/4%/5%/6%/7%. Эффект может складываться до 4 раз.'),(154,'Копьё Фавония.png','Копьё Фавония','Копье',4,565,'Восстановление энергии','Критические атаки имеют 60%/70%/80%/90%/100% шанс создать элементальные частицы, которые восстанавливают 6 ед. энергии. Возникает раз в 12/10,5/9/7,5/6 сек.'),(155,'Королевское копьё.png','Королевское копьё','Копье',4,565,'Процент от силы атаки','При нанесении урона противнику повышает шанс крит. попадания на 8%/10%/12%/14%/16%. Эффект может складываться до 5 раз. Добавочный шанс крит. попадания исчезает с первым крит. попаданием.'),(156,'Крест-копьё Китаин.png','Крест-копьё Китаин','Копье',4,565,'Мастерство стихий','Увеличивает урон элементального навыка на 6%/7,5%/9%/10,5%/12%. Когда элементальный навык поражает противника, персонаж теряет 3 единицы энергии, но восстанавливает 3/3,5/4/4,5/5 единицы энергии каждые 2 сек. в течение следующих 6 сек. Эффект может возникнуть один раз в 10 сек. Эффект может сработать, даже когда персонаж не находится на поле.'),(157,'«Улов».png','«Улов»','Копье',4,510,'Восстановление энергии','Повышает урон взрыва стихии на 16%/20%/24%/28%/32% и его шанс крит. попадания на 6%/7,5%/9%/10,5%/12%.'),(158,'Режущий волны плавник.png','Режущий волны плавник','Копье',4,620,'Процент от силы атаки','Урон взрыва стихии экипированного этим оружием персонажа увеличивается на 0,12%/0,15%/0,18%/0,21%/0,24% за каждую единицу суммы макс. энергии каждого члена отряда. Бонус урона не может превышать 40%/50%/60%/70%/80%.'),(159,'Пронзающий луну.png','Пронзающий луну','Копье',4,565,'Мастерство стихий','Активация статусов Горение, Стимуляция, Обострение, Разрастание, Бутонизация, Вегетация и Цветение создают рядом с персонажем Лист оживления, который существует 10 сек. Сила атаки подобравшего его персонажа повышается на 16%/20%/24%/28%/32% на 12 сек. Лист оживления может возникнуть раз в 20 сек. Этот эффект срабатывает, даже если экипированный персонаж не на поле боя.'),(160,'Копьё послания ветров.png','Копьё послания ветров','Копье',4,510,'Процент от силы атаки','В течение 10 сек. после активации элементальной реакции сила атаки повысится на 12%/15%/18%/21%/24%, мастерство стихий – на 48/60/72/84/96 ед.'),(161,'Справедливая награда.png','Справедливая награда','Копье',4,565,'Процент от HP','При получении лечения персонаж восстанавливает 8/10/12/14/16 ед. энергии. Эффект может возникнуть один раз в 10 сек. и срабатывает, даже когда персонаж не на поле боя.'),(162,'Баллада фьордов.png','Баллада фьордов','Копье',4,510,'Шанс критического попадания','Если в отряде не менее 3 персонажей разных элементов, мастерство стихий увеличивается на 120/150/180/210/240 ед.'),(163,'Бур рудоискателя.png','Бур рудоискателя','Копье',4,565,'Процент от силы атаки','Когда экипированный персонаж лечит или получает лечение, он на 30 сек. наделяется Меткой единства. Всего можно получить до 3 Меток. При активации элементального навыка или взрыва стихии все Метки расходуются и на 10 сек. создаётся эффект Отпора: за каждую израсходованную Метку сила атаки повышается на 3%/4%/5%/6%/7%, а бонус урона всеми элементами - на 7%/8,5%/10%/11,5%/13%. Эффект Отпора может возникнуть один раз в 15 сек. Персонаж получает Метки единства, даже если он не на поле боя.'),(164,'Посох Хомы.png','Посох Хомы','Копье',5,608,'Критический урон','Увеличивает HP на 20%/25%/30%/35%/40%. Также даёт бонус атаки, равный 0,8%/1%/1,2%/1,4%/1,6% от макс. HP экипированного этим оружием персонажа. Когда HP экипированного этим оружием персонажа опускается ниже 50%, его сила атаки дополнительно увеличивается на 1%/1,2%/1,4%/1,6%/1,8% от его макс. HP.'),(165,'Нефритовый коршун.png','Нефритовый коршун','Копье',5,674,'Шанс критического попадания','При попадании увеличивает силу атаки на 3,2%/3,9%/4,6%/5,3%/6% в течение 6 сек. Эффект может складываться до 7 раз и возникает не чаще чем раз в 0,3 сек. На 7 уровне складывания увеличивает урон на 12%/15%/18%/21%/24%.'),(166,'Небесная ось.png','Небесная ось','Копье',5,674,'Восстановление энергии','Увеличивает шанс крит. попадания на 8%/10%/12%/14%/16% и скорость обычной атаки на 12%/12%/12%/12%/12%. При попадании обычной или заряженной атакой есть 50%/50%/50%/50%/50% шанс активировать неосязаемое лезвие, которое наносит 40%/55%/70%/85%/100% урона в небольшом радиусе. Может возникнуть раз в 2 сек.'),(167,'Покоритель вихря.png','Покоритель вихря','Копье',5,608,'Процент от силы атаки','Увеличивает прочность щита на 20%/25%/30%/35%/40%. При попадании увеличивает силу атаки на 4%/5%/6%/7%/8% в течение 8 сек. Эффект может складываться до 5 раз и возникнуть раз в 0,3 сек. Кроме того, под защитой щита бонус силы атаки данного эффекта увеличивается на 100%.'),(168,'Сияющая жатва.png','Сияющая жатва','Копье',5,608,'Восстановление энергии','Увеличивает силу атаки на 28%/35%/42%/49%/56% от показателя восстановления энергии свыше 100%. Вы можете получить бонус силы атаки до 80%/90%/100%/110%/120%. Также даёт 30%/35%/40%/45%/50% восстановления энергии на 12 сек. после активации взрыва стихии.'),(169,'Усмиритель бед.png','Усмиритель бед','Копье',5,741,'Процент от силы атаки','Даёт 12%/15%/18%/21%/24% бонус урона всеми элементами. Запуск элементального навыка накладывает Совершенствование на 20 сек., в результате чего сила атаки увеличивается на 3,2%/4%/4,8%/5,6%/6,4% в секунду. Может складываться до 6 раз. Когда персонаж, экипированный этим оружием, не на поле боя, бонус атаки от Совершенствования удваивается.'),(170,'Посох алых песков.png','Посох алых песков','Копье',5,542,'Шанс критического попадания','Увеличивает бонус атаки экипированного этим оружием персонажа на 52%/65%/78%/91%/104% от его мастерства стихий. Попадание по врагу элементальным навыком на 10 сек. наделяет Сном алых песков: бонус атаки экипированного этим оружием персонажа увеличивается на 28%/35%/42%/49%/56% от мастерства стихий. Эффект складывается до 3 раз.');
/*!40000 ALTER TABLE `weapon` ENABLE KEYS */;
UNLOCK TABLES;
/*!40103 SET TIME_ZONE=@OLD_TIME_ZONE */;

/*!40101 SET SQL_MODE=@OLD_SQL_MODE */;
/*!40014 SET FOREIGN_KEY_CHECKS=@OLD_FOREIGN_KEY_CHECKS */;
/*!40014 SET UNIQUE_CHECKS=@OLD_UNIQUE_CHECKS */;
/*!40101 SET CHARACTER_SET_CLIENT=@OLD_CHARACTER_SET_CLIENT */;
/*!40101 SET CHARACTER_SET_RESULTS=@OLD_CHARACTER_SET_RESULTS */;
/*!40101 SET COLLATION_CONNECTION=@OLD_COLLATION_CONNECTION */;
/*!40111 SET SQL_NOTES=@OLD_SQL_NOTES */;

-- Dump completed on 2024-10-21  8:33:18
